geneSet,description,link,size,overlap,expect,enrichmentRatio,pValue,FDR,overlapId,userId
GO:0000070,mitotic sister chromatid segregation,http://amigo.geneontology.org/amigo/term/GO:0000070,155,11,2.1390855634225368,5.142384291725105,1.0310904793753295e-5,0.06502056562940828,546;701;3619;7290;8555;8766;9055;10464;23636;51143;91272,ATRX;BOD1;BUB1B;CDC14B;DYNC1LI1;HIRA;INCENP;NUP62;PIBF1;PRC1;RAB11A
GO:0000819,sister chromatid segregation,http://amigo.geneontology.org/amigo/term/GO:0000819,185,11,2.553102124084963,4.3084841363102235,5.342226811899664e-5,0.0925712010976083,546;701;3619;7290;8555;8766;9055;10464;23636;51143;91272,ATRX;BOD1;BUB1B;CDC14B;DYNC1LI1;HIRA;INCENP;NUP62;PIBF1;PRC1;RAB11A
GO:0035335,peptidyl-tyrosine dephosphorylation,http://amigo.geneontology.org/amigo/term/GO:0035335,100,8,1.3800552022080883,5.796869565217391,7.283462766682902e-5,0.0925712010976083,2138;5784;5796;7179;7803;8555;9829;11122,CDC14B;DNAJC6;EYA1;PTP4A1;PTPN14;PTPRK;PTPRT;TPTE
GO:1902850,microtubule cytoskeleton organization involved in mitosis,http://amigo.geneontology.org/amigo/term/GO:1902850,132,9,1.8216728669146764,4.940513833992095,9.055067292851326e-5,0.0925712010976083,1778;5080;5116;6867;8555;8766;9055;10464;23636,CDC14B;DYNC1H1;NUP62;PAX6;PCNT;PIBF1;PRC1;RAB11A;TACC1
GO:0022618,ribonucleoprotein complex assembly,http://amigo.geneontology.org/amigo/term/GO:0022618,231,12,3.187927517100684,3.7642010163749298,9.073598195774579e-5,0.0925712010976083,1778;1975;3646;4848;7375;9924;10146;11189;23019;54960;84154;92345,CELF3;CNOT1;CNOT2;DYNC1H1;EIF3E;EIF4B;G3BP1;GEMIN8;NAF1;PAN2;RPF2;USP4
GO:0006470,protein dephosphorylation,http://amigo.geneontology.org/amigo/term/GO:0006470,306,14,4.2229689187567505,3.3152031827223643,9.362076257013463e-5,0.0925712010976083,2138;5784;5796;7179;7803;8555;9258;9829;9891;10454;11122;22843;57718;91272,BOD1;CDC14B;DNAJC6;EYA1;MFHAS1;NUAK1;PPM1E;PPP4R4;PTP4A1;PTPN14;PTPRK;PTPRT;TAB1;TPTE
GO:0009913,epidermal cell differentiation,http://amigo.geneontology.org/amigo/term/GO:0009913,348,15,4.802592103684147,3.123313343328336,1.0275902437095752e-4,0.0925712010976083,247;2312;3204;3713;5068;5080;5652;7399;27152;81850;81870;84189;85290;117531;147183,ALOX15B;FLG;HOXA7;INTU;IVL;KRT25;KRTAP1-3;KRTAP4-3;KRTAP9-9;PAX6;PRSS8;REG3A;SLITRK6;TMC1;USH2A
GO:0022613,ribonucleoprotein complex biogenesis,http://amigo.geneontology.org/amigo/term/GO:0022613,440,17,6.0722428897155885,2.799624505928854,1.355735978874062e-4,0.09957794172729682,1778;1975;3646;4848;7375;9924;10146;10153;11189;23019;28987;51077;51729;54059;54960;84154;92345,CEBPZ;CELF3;CNOT1;CNOT2;DYNC1H1;EIF3E;EIF4B;FCF1;G3BP1;GEMIN8;NAF1;NOB1;PAN2;RPF2;USP4;WBP11;YBEY
GO:0007052,mitotic spindle organization,http://amigo.geneontology.org/amigo/term/GO:0007052,111,8,1.531861274450978,5.222405013709361,1.5180067173448109e-4,0.09957794172729682,1778;5116;6867;8555;8766;9055;10464;23636,CDC14B;DYNC1H1;NUP62;PCNT;PIBF1;PRC1;RAB11A;TACC1
GO:0071826,ribonucleoprotein complex subunit organization,http://amigo.geneontology.org/amigo/term/GO:0071826,245,12,3.3811352454098165,3.549103815439219,1.5790983464525343e-4,0.09957794172729682,1778;1975;3646;4848;7375;9924;10146;11189;23019;54960;84154;92345,CELF3;CNOT1;CNOT2;DYNC1H1;EIF3E;EIF4B;G3BP1;GEMIN8;NAF1;PAN2;RPF2;USP4
GO:0033962,cytoplasmic mRNA processing body assembly,http://amigo.geneontology.org/amigo/term/GO:0033962,21,4,0.28981159246369853,13.802070393374741,1.758472635660091e-4,0.10080844036793213,1778;4848;9924;23019,CNOT1;CNOT2;DYNC1H1;PAN2
GO:0098813,nuclear chromosome segregation,http://amigo.geneontology.org/amigo/term/GO:0098813,258,12,3.560542421696868,3.370273003033367,2.546107595045033e-4,0.1305356439152383,546;701;1778;3619;7290;8555;8766;9055;10464;23636;51143;91272,ATRX;BOD1;BUB1B;CDC14B;DYNC1H1;DYNC1LI1;HIRA;INCENP;NUP62;PIBF1;PRC1;RAB11A
GO:0016569,covalent chromatin modification,http://amigo.geneontology.org/amigo/term/GO:0016569,468,17,6.458658346333853,2.6321256038647345,2.804028653387025e-4,0.1305356439152383,546;675;1105;1387;1642;2138;3008;3976;5578;7994;23569;25855;54880;56254;64324;79813;79831,ATRX;BCOR;BRCA2;BRMS1;CHD1;CREBBP;DDB1;EHMT1;EYA1;HIST1H1E;KAT6A;KDM8;LIF;NSD1;PADI4;PRKCA;RNF20
GO:0010603,regulation of cytoplasmic mRNA processing body assembly,http://amigo.geneontology.org/amigo/term/GO:0010603,10,3,0.13800552022080884,21.738260869565217,2.898032056475319e-4,0.1305356439152383,4848;9924;23019,CNOT1;CNOT2;PAN2
GO:1902117,positive regulation of organelle assembly,http://amigo.geneontology.org/amigo/term/GO:1902117,72,6,0.9936397455898236,6.038405797101449,4.7311113058623455e-4,0.198895919298453,1778;3936;4848;9924;23019;23636,CNOT1;CNOT2;DYNC1H1;LCP1;NUP62;PAN2
GO:0016570,histone modification,http://amigo.geneontology.org/amigo/term/GO:0016570,455,16,6.279251170046802,2.5480745341614908,6.014643482989968e-4,0.2231078929631455,546;675;1387;1642;2138;3008;3976;5578;7994;23569;25855;54880;56254;64324;79813;79831,ATRX;BCOR;BRCA2;BRMS1;CREBBP;DDB1;EHMT1;EYA1;HIST1H1E;KAT6A;KDM8;LIF;NSD1;PADI4;PRKCA;RNF20
GO:0008544,epidermis development,http://amigo.geneontology.org/amigo/term/GO:0008544,455,16,6.279251170046802,2.5480745341614908,6.014643482989968e-4,0.2231078929631455,247;2312;3204;3713;3918;5068;5080;5652;7399;27152;81850;81870;84189;85290;117531;147183,ALOX15B;FLG;HOXA7;INTU;IVL;KRT25;KRTAP1-3;KRTAP4-3;KRTAP9-9;LAMC2;PAX6;PRSS8;REG3A;SLITRK6;TMC1;USH2A
GO:0007051,spindle organization,http://amigo.geneontology.org/amigo/term/GO:0007051,175,9,2.4150966038641544,3.7265590062111804,7.376188143208839e-4,0.2534055546822853,546;1778;5116;6867;8555;8766;9055;10464;23636,ATRX;CDC14B;DYNC1H1;NUP62;PCNT;PIBF1;PRC1;RAB11A;TACC1
GO:0030216,keratinocyte differentiation,http://amigo.geneontology.org/amigo/term/GO:0030216,295,12,4.07116284651386,2.94756079587325,8.41841418018241e-4,0.2534055546822853,247;2312;3204;3713;5068;5080;5652;27152;81850;81870;85290;147183,ALOX15B;FLG;HOXA7;INTU;IVL;KRT25;KRTAP1-3;KRTAP4-3;KRTAP9-9;PAX6;PRSS8;REG3A
GO:0045838,positive regulation of membrane potential,http://amigo.geneontology.org/amigo/term/GO:0045838,14,3,0.19320772830913235,15.527329192546585,8.438814856213117e-4,0.2534055546822853,288;6569;23530,ANK3;NNT;SLC34A1
GO:0046831,regulation of RNA export from nucleus,http://amigo.geneontology.org/amigo/term/GO:0046831,14,3,0.19320772830913235,15.527329192546585,8.438814856213117e-4,0.2534055546822853,9972;10657;23144,KHDRBS1;NUP153;ZC3H3
GO:0000281,mitotic cytokinesis,http://amigo.geneontology.org/amigo/term/GO:0000281,85,6,1.173046921876875,5.114884910485934,0.0011417469738528307,0.32726620077799773,288;675;3619;6711;10617;23636,ANK3;BRCA2;INCENP;NUP62;SPTBN1;STAMBP
GO:0044772,mitotic cell cycle phase transition,http://amigo.geneontology.org/amigo/term/GO:0044772,487,16,6.72086883475339,2.3806445853048834,0.0012313431793853358,0.33423933075910756,701;1642;1778;4848;5116;7840;8555;8558;8766;10657;22897;23019;51143;79831;83844;131405,ALMS1;BUB1B;CDC14B;CDK10;CEP164;CNOT1;CNOT2;DDB1;DYNC1H1;DYNC1LI1;KDM8;KHDRBS1;PCNT;RAB11A;TRIM71;USP26
GO:0032239,regulation of nucleobase-containing compound transport,http://amigo.geneontology.org/amigo/term/GO:0032239,16,3,0.22080883235329413,13.586413043478261,0.0012720811827178213,0.33423933075910756,9972;10657;23144,KHDRBS1;NUP153;ZC3H3
GO:0007059,chromosome segregation,http://amigo.geneontology.org/amigo/term/GO:0007059,312,12,4.305772230889236,2.78695652173913,0.0013612765710391272,0.34246343033325427,546;701;1778;3619;7290;8555;8766;9055;10464;23636;51143;91272,ATRX;BOD1;BUB1B;CDC14B;DYNC1H1;DYNC1LI1;HIRA;INCENP;NUP62;PIBF1;PRC1;RAB11A
