geneSet,description,link,size,overlap,expect,enrichmentRatio,pValue,FDR,overlapId,userId
GO:0043517,"positive regulation of DNA damage response, signal transduction by p53 class mediator",http://amigo.geneontology.org/amigo/term/GO:0043517,14,3,0.035281411256450255,85.03061224489797,5.313592169042813e-6,0.03350751221798398,472;149628;161742,ATM;SPRED1;PYHIN1
GO:1901798,positive regulation of signal transduction by p53 class mediator,http://amigo.geneontology.org/amigo/term/GO:1901798,21,3,0.05292211688467538,56.68707482993198,1.9177964989625096e-5,0.06046812361228793,472;149628;161742,ATM;SPRED1;PYHIN1
GO:0043516,"regulation of DNA damage response, signal transduction by p53 class mediator",http://amigo.geneontology.org/amigo/term/GO:0043516,32,3,0.08064322572902916,37.20089285714286,7.015406129440294e-5,0.14746383684083497,472;149628;161742,ATM;SPRED1;PYHIN1
GO:0018095,protein polyglutamylation,http://amigo.geneontology.org/amigo/term/GO:0018095,10,2,0.02520100804032161,79.36190476190477,2.7545311344656653e-4,0.43425183334851214,9654;25809,TTLL4;TTLL1
GO:0046599,regulation of centriole replication,http://amigo.geneontology.org/amigo/term/GO:0046599,19,2,0.047881915276611065,41.769423558897245,0.0010317706192487508,1,79959;100526737,CEP76;RBM14-RBM4
GO:2001022,positive regulation of response to DNA damage stimulus,http://amigo.geneontology.org/amigo/term/GO:2001022,92,3,0.23184927397095884,12.93944099378882,0.0015991957326610962,1,472;149628;161742,ATM;SPRED1;PYHIN1
GO:1902115,regulation of organelle assembly,http://amigo.geneontology.org/amigo/term/GO:1902115,209,4,0.5267010680427217,7.5944406470722265,0.0018523572679184364,1,2909;9924;79959;100526737,CEP76;RBM14-RBM4;ARHGAP35;PAN2
GO:0018200,peptidyl-glutamic acid modification,http://amigo.geneontology.org/amigo/term/GO:0018200,26,2,0.06552262090483618,30.52380952380953,0.00193917441520719,1,9654;25809,TTLL4;TTLL1
GO:0006476,protein deacetylation,http://amigo.geneontology.org/amigo/term/GO:0006476,101,3,0.2545301812072483,11.786421499292786,0.0020891304596605265,1,161742;221477;100526737,C6orf89;SPRED1;RBM14-RBM4
GO:0030330,"DNA damage response, signal transduction by p53 class mediator",http://amigo.geneontology.org/amigo/term/GO:0030330,105,3,0.2646105844233769,11.337414965986396,0.0023336668261199067,1,472;149628;161742,ATM;SPRED1;PYHIN1
GO:0022618,ribonucleoprotein complex assembly,http://amigo.geneontology.org/amigo/term/GO:0022618,231,4,0.5821432857314293,6.8711605854463,0.002663523972271431,1,472;9924;50628;92345,ATM;NAF1;GEMIN4;PAN2
GO:0035601,protein deacylation,http://amigo.geneontology.org/amigo/term/GO:0035601,111,3,0.2797311892475699,10.724581724581725,0.00273261153299198,1,161742;221477;100526737,C6orf89;SPRED1;RBM14-RBM4
GO:0098732,macromolecule deacylation,http://amigo.geneontology.org/amigo/term/GO:0098732,112,3,0.28225129005160204,10.628826530612246,0.0028029310689432485,1,161742;221477;100526737,C6orf89;SPRED1;RBM14-RBM4
GO:0071826,ribonucleoprotein complex subunit organization,http://amigo.geneontology.org/amigo/term/GO:0071826,245,4,0.6174246969878795,6.478522837706511,0.0032908074057798054,1,472;9924;50628;92345,ATM;NAF1;GEMIN4;PAN2
GO:0032212,positive regulation of telomere maintenance via telomerase,http://amigo.geneontology.org/amigo/term/GO:0032212,34,2,0.08568342733709347,23.341736694677873,0.003304882822888322,1,472;92345,ATM;NAF1
GO:0007099,centriole replication,http://amigo.geneontology.org/amigo/term/GO:0007099,35,2,0.08820352814112564,22.67482993197279,0.0034995977440832604,1,79959;100526737,CEP76;RBM14-RBM4
GO:1904358,positive regulation of telomere maintenance via telomere lengthening,http://amigo.geneontology.org/amigo/term/GO:1904358,37,2,0.09324372974918996,21.44916344916345,0.003904735653369018,1,472;92345,ATM;NAF1
GO:0098534,centriole assembly,http://amigo.geneontology.org/amigo/term/GO:0098534,38,2,0.09576383055322213,20.884711779448622,0.004115105965169286,1,79959;100526737,CEP76;RBM14-RBM4
GO:1901796,regulation of signal transduction by p53 class mediator,http://amigo.geneontology.org/amigo/term/GO:1901796,129,3,0.32509300372014877,9.228128460686602,0.004172747309323599,1,472;149628;161742,ATM;SPRED1;PYHIN1
GO:0001580,detection of chemical stimulus involved in sensory perception of bitter taste,http://amigo.geneontology.org/amigo/term/GO:0001580,39,2,0.09828393135725429,20.34920634920635,0.004330642220884862,1,50831;83597,TAS2R3;RTP3
GO:0042770,signal transduction in response to DNA damage,http://amigo.geneontology.org/amigo/term/GO:0042770,131,3,0.3301332053282131,9.087241003271538,0.004356234239621504,1,472;149628;161742,ATM;SPRED1;PYHIN1
GO:0090311,regulation of protein deacetylation,http://amigo.geneontology.org/amigo/term/GO:0090311,40,2,0.10080403216128644,19.840476190476192,0.004551318316943775,1,161742;221477,C6orf89;SPRED1
GO:0010824,regulation of centrosome duplication,http://amigo.geneontology.org/amigo/term/GO:0010824,42,2,0.10584423376935076,18.895691609977327,0.005007986082074645,1,79959;100526737,CEP76;RBM14-RBM4
GO:0050913,sensory perception of bitter taste,http://amigo.geneontology.org/amigo/term/GO:0050913,43,2,0.10836433457338293,18.4562569213732,0.005243926009413369,1,50831;83597,TAS2R3;RTP3
GO:0031056,regulation of histone modification,http://amigo.geneontology.org/amigo/term/GO:0031056,142,3,0.35785431417256686,8.383299798792757,0.005452951533523431,1,472;54880;221477,C6orf89;ATM;BCOR
