geneSet,description,link,size,overlap,expect,enrichmentRatio,pValue,FDR,overlapId,userId
GO:0000070,mitotic sister chromatid segregation,http://amigo.geneontology.org/amigo/term/GO:0000070,155,11,2.2413896555862234,4.907669656003213,1.597458497348825e-5,0.1007357328428169,546;701;3619;7290;8555;8766;9055;10464;23636;51143;91272,ATRX;BOD1;BUB1B;CDC14B;DYNC1LI1;HIRA;INCENP;NUP62;PIBF1;PRC1;RAB11A
GO:0009913,epidermal cell differentiation,http://amigo.geneontology.org/amigo/term/GO:0009913,348,16,5.03228129125165,3.1794725044116947,4.909408942921356e-5,0.120805439220009,247;1832;2312;3204;3713;5068;5080;5652;7399;27152;81850;81870;84189;85290;117531;147183,ALOX15B;FLG;HOXA7;INTU;IVL;KRT25;KRTAP1-3;KRTAP4-3;KRTAP9-9;PAX6;PRSS8;REG3A;SLITRK6;TMC1;USH2A;DSP
GO:1902117,positive regulation of organelle assembly,http://amigo.geneontology.org/amigo/term/GO:1902117,72,7,1.0411616464658586,6.723259566620563,8.026514047265731e-5,0.120805439220009,1778;2909;3936;4848;9924;23019;23636,CNOT1;CNOT2;DYNC1H1;LCP1;NUP62;PAN2;ARHGAP35
GO:0000819,sister chromatid segregation,http://amigo.geneontology.org/amigo/term/GO:0000819,185,11,2.675207008280331,4.111831333408097,8.12976813020505e-5,0.120805439220009,546;701;3619;7290;8555;8766;9055;10464;23636;51143;91272,ATRX;BOD1;BUB1B;CDC14B;DYNC1LI1;HIRA;INCENP;NUP62;PIBF1;PRC1;RAB11A
GO:0035335,peptidyl-tyrosine dephosphorylation,http://amigo.geneontology.org/amigo/term/GO:0035335,100,8,1.4460578423136925,5.532282157676349,1.0085286289251982e-4,0.120805439220009,2138;5784;5796;7179;7803;8555;9829;11122,CDC14B;DNAJC6;EYA1;PTP4A1;PTPN14;PTPRK;PTPRT;TPTE
GO:1902850,microtubule cytoskeleton organization involved in mitosis,http://amigo.geneontology.org/amigo/term/GO:1902850,132,9,1.908796351854074,4.71501320256507,1.2911813687455087e-4,0.120805439220009,1778;5080;5116;6867;8555;8766;9055;10464;23636,CDC14B;DYNC1H1;NUP62;PAX6;PCNT;PIBF1;PRC1;RAB11A;TACC1
GO:0022618,ribonucleoprotein complex assembly,http://amigo.geneontology.org/amigo/term/GO:0022618,231,12,3.3403936157446297,3.5923910114781483,1.4100456885102197e-4,0.120805439220009,1778;1975;3646;4848;7375;9924;10146;11189;23019;54960;84154;92345,CELF3;CNOT1;CNOT2;DYNC1H1;EIF3E;EIF4B;G3BP1;GEMIN8;NAF1;PAN2;RPF2;USP4
GO:0006470,protein dephosphorylation,http://amigo.geneontology.org/amigo/term/GO:0006470,306,14,4.424936997479899,3.1638868548802646,1.532577725594786e-4,0.120805439220009,2138;5784;5796;7179;7803;8555;9258;9829;9891;10454;11122;22843;57718;91272,BOD1;CDC14B;DNAJC6;EYA1;MFHAS1;NUAK1;PPM1E;PPP4R4;PTP4A1;PTPN14;PTPRK;PTPRT;TAB1;TPTE
GO:0007052,mitotic spindle organization,http://amigo.geneontology.org/amigo/term/GO:0007052,111,8,1.6051242049681986,4.984037979888603,2.088673972752142e-4,0.12788171280671085,1778;5116;6867;8555;8766;9055;10464;23636,CDC14B;DYNC1H1;NUP62;PCNT;PIBF1;PRC1;RAB11A;TACC1
GO:0033962,cytoplasmic mRNA processing body assembly,http://amigo.geneontology.org/amigo/term/GO:0033962,21,4,0.3036721468858754,13.172100375419879,2.1032962973444036e-4,0.12788171280671085,1778;4848;9924;23019,CNOT1;CNOT2;DYNC1H1;PAN2
GO:0022613,ribonucleoprotein complex biogenesis,http://amigo.geneontology.org/amigo/term/GO:0022613,440,17,6.362654506180247,2.671840814786873,2.3689641750768153e-4,0.12788171280671085,1778;1975;3646;4848;7375;9924;10146;10153;11189;23019;28987;51077;51729;54059;54960;84154;92345,CEBPZ;CELF3;CNOT1;CNOT2;DYNC1H1;EIF3E;EIF4B;FCF1;G3BP1;GEMIN8;NAF1;NOB1;PAN2;RPF2;USP4;WBP11;YBEY
GO:0071826,ribonucleoprotein complex subunit organization,http://amigo.geneontology.org/amigo/term/GO:0071826,245,12,3.5428417136685466,3.3871115251079686,2.43352450631229e-4,0.12788171280671085,1778;1975;3646;4848;7375;9924;10146;11189;23019;54960;84154;92345,CELF3;CNOT1;CNOT2;DYNC1H1;EIF3E;EIF4B;G3BP1;GEMIN8;NAF1;PAN2;RPF2;USP4
GO:0010603,regulation of cytoplasmic mRNA processing body assembly,http://amigo.geneontology.org/amigo/term/GO:0010603,10,3,0.14460578423136924,20.746058091286308,3.324424303681184e-4,0.15345452292224548,4848;9924;23019,CNOT1;CNOT2;PAN2
GO:0008544,epidermis development,http://amigo.geneontology.org/amigo/term/GO:0008544,455,17,6.579563182527301,2.58375815056313,3.4934312473589024e-4,0.15345452292224548,247;1832;2312;3204;3713;3918;5068;5080;5652;7399;27152;81850;81870;84189;85290;117531;147183,ALOX15B;FLG;HOXA7;INTU;IVL;KRT25;KRTAP1-3;KRTAP4-3;KRTAP9-9;LAMC2;PAX6;PRSS8;REG3A;SLITRK6;TMC1;USH2A;DSP
GO:0030216,keratinocyte differentiation,http://amigo.geneontology.org/amigo/term/GO:0030216,295,13,4.265870634825393,3.047443561431887,3.769511567182082e-4,0.15345452292224548,247;1832;2312;3204;3713;5068;5080;5652;27152;81850;81870;85290;147183,ALOX15B;FLG;HOXA7;INTU;IVL;KRT25;KRTAP1-3;KRTAP4-3;KRTAP9-9;PAX6;PRSS8;REG3A;DSP
GO:0098813,nuclear chromosome segregation,http://amigo.geneontology.org/amigo/term/GO:0098813,258,12,3.7308292331693265,3.21644311492811,3.893549582549838e-4,0.15345452292224548,546;701;1778;3619;7290;8555;8766;9055;10464;23636;51143;91272,ATRX;BOD1;BUB1B;CDC14B;DYNC1H1;DYNC1LI1;HIRA;INCENP;NUP62;PIBF1;PRC1;RAB11A
GO:0016569,covalent chromatin modification,http://amigo.geneontology.org/amigo/term/GO:0016569,468,17,6.767550702028081,2.511987090825265,4.8164216369994683e-4,0.17866091084069793,546;675;1105;1387;1642;2138;3008;3976;5578;7994;23569;25855;54880;56254;64324;79813;79831,ATRX;BCOR;BRCA2;BRMS1;CHD1;CREBBP;DDB1;EHMT1;EYA1;HIST1H1E;KAT6A;KDM8;LIF;NSD1;PADI4;PRKCA;RNF20
GO:0046580,negative regulation of Ras protein signal transduction,http://amigo.geneontology.org/amigo/term/GO:0046580,49,5,0.7085683427337093,7.056482343974935,6.885911386915744e-4,0.2412364289216149,2909;4233;10617;23636;440730,MET;NUP62;STAMBP;TRIM67;ARHGAP35
GO:0043588,skin development,http://amigo.geneontology.org/amigo/term/GO:0043588,409,15,5.914376575063002,2.5361929206951475,9.343791036549032e-4,0.26956189755658644,247;1832;2312;3204;3691;3713;4233;5068;5080;5652;27152;81850;81870;85290;147183,ALOX15B;FLG;HOXA7;INTU;ITGB4;IVL;KRT25;KRTAP1-3;KRTAP4-3;KRTAP9-9;MET;PAX6;PRSS8;REG3A;DSP
GO:1902115,regulation of organelle assembly,http://amigo.geneontology.org/amigo/term/GO:1902115,209,10,3.0222608904356174,3.308781194782505,9.514217130799363e-4,0.26956189755658644,1778;2895;2909;3936;4848;8558;9924;23019;23636;26045,CDK10;CNOT1;CNOT2;DYNC1H1;GRID2;LCP1;LRRTM2;NUP62;PAN2;ARHGAP35
GO:0045838,positive regulation of membrane potential,http://amigo.geneontology.org/amigo/term/GO:0045838,14,3,0.20244809792391694,14.818612922347363,9.661306408050852e-4,0.26956189755658644,288;6569;23530,ANK3;NNT;SLC34A1
GO:0046831,regulation of RNA export from nucleus,http://amigo.geneontology.org/amigo/term/GO:0046831,14,3,0.20244809792391694,14.818612922347363,9.661306408050852e-4,0.26956189755658644,9972;10657;23144,KHDRBS1;NUP153;ZC3H3
GO:0016570,histone modification,http://amigo.geneontology.org/amigo/term/GO:0016570,455,16,6.579563182527301,2.4317723770005926,9.917357954224437e-4,0.26956189755658644,546;675;1387;1642;2138;3008;3976;5578;7994;23569;25855;54880;56254;64324;79813;79831,ATRX;BCOR;BRCA2;BRMS1;CREBBP;DDB1;EHMT1;EYA1;HIST1H1E;KAT6A;KDM8;LIF;NSD1;PADI4;PRKCA;RNF20
GO:0007051,spindle organization,http://amigo.geneontology.org/amigo/term/GO:0007051,175,9,2.530601224048962,3.556467101363367,0.0010259253950773983,0.26956189755658644,546;1778;5116;6867;8555;8766;9055;10464;23636,ATRX;CDC14B;DYNC1H1;NUP62;PCNT;PIBF1;PRC1;RAB11A;TACC1
GO:0051058,negative regulation of small GTPase mediated signal transduction,http://amigo.geneontology.org/amigo/term/GO:0051058,55,5,0.7953318132725309,6.28668427008676,0.0011710368661805859,0.29538233912539097,2909;4233;10617;23636;440730,MET;NUP62;STAMBP;TRIM67;ARHGAP35
