geneSet,description,link,size,overlap,expect,enrichmentRatio,pValue,FDR,overlapId,userId
GO:0000070,mitotic sister chromatid segregation,http://amigo.geneontology.org/amigo/term/GO:0000070,155,12,2.4831993279731193,4.83247553461399,7.608742879861019e-6,0.047980732600403586,472;546;701;3619;7290;8555;8766;9055;10464;23636;51143;91272,ATRX;BOD1;BUB1B;CDC14B;DYNC1LI1;HIRA;INCENP;NUP62;PIBF1;PRC1;RAB11A;ATM
GO:0022618,ribonucleoprotein complex assembly,http://amigo.geneontology.org/amigo/term/GO:0022618,231,14,3.700768030721229,3.782998524571558,2.2363262005997697e-5,0.07051136510491074,472;1778;1975;3646;4848;7375;9924;10146;11189;23019;50628;54960;84154;92345,CELF3;CNOT1;CNOT2;DYNC1H1;EIF3E;EIF4B;G3BP1;GEMIN8;NAF1;PAN2;RPF2;USP4;ATM;GEMIN4
GO:0071826,ribonucleoprotein complex subunit organization,http://amigo.geneontology.org/amigo/term/GO:0071826,245,14,3.9250570022800915,3.566827180310326,4.276371586864336e-5,0.07052967149961686,472;1778;1975;3646;4848;7375;9924;10146;11189;23019;50628;54960;84154;92345,CELF3;CNOT1;CNOT2;DYNC1H1;EIF3E;EIF4B;G3BP1;GEMIN8;NAF1;PAN2;RPF2;USP4;ATM;GEMIN4
GO:0000819,sister chromatid segregation,http://amigo.geneontology.org/amigo/term/GO:0000819,185,12,2.9638185527421097,4.048830853325235,4.473813606065136e-5,0.07052967149961686,472;546;701;3619;7290;8555;8766;9055;10464;23636;51143;91272,ATRX;BOD1;BUB1B;CDC14B;DYNC1LI1;HIRA;INCENP;NUP62;PIBF1;PRC1;RAB11A;ATM
GO:0016569,covalent chromatin modification,http://amigo.geneontology.org/amigo/term/GO:0016569,468,20,7.497659906396256,2.667498959633791,6.953306999224473e-5,0.08769510787421907,472;546;675;1105;1387;1642;2138;3008;3976;5578;7994;23569;25855;54880;56254;64324;79813;79831;221477;100526737,ATRX;BCOR;BRCA2;BRMS1;CHD1;CREBBP;DDB1;EHMT1;EYA1;HIST1H1E;KAT6A;KDM8;LIF;NSD1;PADI4;PRKCA;RNF20;C6orf89;ATM;RBM14-RBM4
GO:0022613,ribonucleoprotein complex biogenesis,http://amigo.geneontology.org/amigo/term/GO:0022613,440,19,7.049081963278532,2.695386448757235,9.224195932255874e-5,0.09694629924800924,472;1778;1975;3646;4848;7375;9924;10146;10153;11189;23019;28987;50628;51077;51729;54059;54960;84154;92345,CEBPZ;CELF3;CNOT1;CNOT2;DYNC1H1;EIF3E;EIF4B;FCF1;G3BP1;GEMIN8;NAF1;NOB1;PAN2;RPF2;USP4;WBP11;YBEY;ATM;GEMIN4
GO:0016570,histone modification,http://amigo.geneontology.org/amigo/term/GO:0016570,455,19,7.289391575663027,2.6065275548421614,1.4261114626157312e-4,0.10287377099297461,472;546;675;1387;1642;2138;3008;3976;5578;7994;23569;25855;54880;56254;64324;79813;79831;221477;100526737,ATRX;BCOR;BRCA2;BRMS1;CREBBP;DDB1;EHMT1;EYA1;HIST1H1E;KAT6A;KDM8;LIF;NSD1;PADI4;PRKCA;RNF20;C6orf89;ATM;RBM14-RBM4
GO:1902115,regulation of organelle assembly,http://amigo.geneontology.org/amigo/term/GO:1902115,209,12,3.3483139325573026,3.583893339067792,1.4382820220837367e-4,0.10287377099297461,1778;2895;2909;3936;4848;8558;9924;23019;23636;26045;79959;100526737,CDK10;CNOT1;CNOT2;DYNC1H1;GRID2;LCP1;LRRTM2;NUP62;PAN2;CEP76;RBM14-RBM4;ARHGAP35
GO:1902117,positive regulation of organelle assembly,http://amigo.geneontology.org/amigo/term/GO:1902117,72,7,1.153486139445578,6.068560133166874,1.5176875968636594e-4,0.10287377099297461,1778;2909;3936;4848;9924;23019;23636,CNOT1;CNOT2;DYNC1H1;LCP1;NUP62;PAN2;ARHGAP35
GO:0009913,epidermal cell differentiation,http://amigo.geneontology.org/amigo/term/GO:0009913,348,16,5.575183007320293,2.869860949674975,1.6313633205355949e-4,0.10287377099297461,247;1832;2312;3204;3713;5068;5080;5652;7399;27152;81850;81870;84189;85290;117531;147183,ALOX15B;FLG;HOXA7;INTU;IVL;KRT25;KRTAP1-3;KRTAP4-3;KRTAP9-9;PAX6;PRSS8;REG3A;SLITRK6;TMC1;USH2A;DSP
GO:0035335,peptidyl-tyrosine dephosphorylation,http://amigo.geneontology.org/amigo/term/GO:0035335,100,8,1.6020640825633026,4.993558052434457,2.0384587849509028e-4,0.1119273540351769,2138;5784;5796;7179;7803;8555;9829;11122,CDC14B;DNAJC6;EYA1;PTP4A1;PTPN14;PTPRK;PTPRT;TPTE
GO:0072331,signal transduction by p53 class mediator,http://amigo.geneontology.org/amigo/term/GO:0072331,218,12,3.4924996999879996,3.4359344397484795,2.1299211043801503e-4,0.1119273540351769,472;546;675;3190;4848;6908;7994;9891;23019;84154;149628;161742,ATRX;BRCA2;CNOT1;CNOT2;HNRNPK;KAT6A;NUAK1;RPF2;TBP;ATM;SPRED1;PYHIN1
GO:1902850,microtubule cytoskeleton organization involved in mitosis,http://amigo.geneontology.org/amigo/term/GO:1902850,132,9,2.1147245889835595,4.255873340143003,2.773650622951429e-4,0.1255736267125108,1778;5080;5116;6867;8555;8766;9055;10464;23636,CDC14B;DYNC1H1;NUP62;PAX6;PCNT;PIBF1;PRC1;RAB11A;TACC1
GO:0098813,nuclear chromosome segregation,http://amigo.geneontology.org/amigo/term/GO:0098813,258,13,4.133325333013321,3.1451673779868186,2.787869923842612e-4,0.1255736267125108,472;546;701;1778;3619;7290;8555;8766;9055;10464;23636;51143;91272,ATRX;BOD1;BUB1B;CDC14B;DYNC1H1;DYNC1LI1;HIRA;INCENP;NUP62;PIBF1;PRC1;RAB11A;ATM
GO:0033962,cytoplasmic mRNA processing body assembly,http://amigo.geneontology.org/amigo/term/GO:0033962,21,4,0.33643345733829355,11.889423934367754,3.1094657604802123e-4,0.1307219405705881,1778;4848;9924;23019,CNOT1;CNOT2;DYNC1H1;PAN2
GO:0007052,mitotic spindle organization,http://amigo.geneontology.org/amigo/term/GO:0007052,111,8,1.7782911316452659,4.498700948139151,4.159037418693945e-4,0.15047722447610964,1778;5116;6867;8555;8766;9055;10464;23636,CDC14B;DYNC1H1;NUP62;PCNT;PIBF1;PRC1;RAB11A;TACC1
GO:0006470,protein dephosphorylation,http://amigo.geneontology.org/amigo/term/GO:0006470,306,14,4.902316092643706,2.855793003843235,4.3692164037367753e-4,0.15047722447610964,2138;5784;5796;7179;7803;8555;9258;9829;9891;10454;11122;22843;57718;91272,BOD1;CDC14B;DNAJC6;EYA1;MFHAS1;NUAK1;PPM1E;PPP4R4;PTP4A1;PTPN14;PTPRK;PTPRT;TAB1;TPTE
GO:0010603,regulation of cytoplasmic mRNA processing body assembly,http://amigo.geneontology.org/amigo/term/GO:0010603,10,3,0.16020640825633026,18.72584269662921,4.488972596343732e-4,0.15047722447610964,4848;9924;23019,CNOT1;CNOT2;PAN2
GO:0048285,organelle fission,http://amigo.geneontology.org/amigo/term/GO:0048285,459,18,7.353474138965559,2.447822574722773,4.5338840232256317e-4,0.15047722447610964,472;546;675;701;3619;3976;7290;8555;8621;8766;9055;10005;10464;23636;51143;54471;65084;91272,ACOT8;ATRX;BOD1;BRCA2;BUB1B;CDC14B;DYNC1LI1;HIRA;INCENP;LIF;MIEF1;NUP62;PIBF1;PRC1;RAB11A;ATM;CDK13;TMEM135
GO:0140014,mitotic nuclear division,http://amigo.geneontology.org/amigo/term/GO:0140014,282,13,4.517820712828513,2.8774935585836854,6.48391668773618e-4,0.20443789316432176,472;546;701;3619;7290;8555;8621;8766;9055;10464;23636;51143;91272,ATRX;BOD1;BUB1B;CDC14B;DYNC1LI1;HIRA;INCENP;NUP62;PIBF1;PRC1;RAB11A;ATM;CDK13
GO:0044772,mitotic cell cycle phase transition,http://amigo.geneontology.org/amigo/term/GO:0044772,487,18,7.802052082083284,2.307085342500519,9.005331092490909e-4,0.2704172279487984,472;701;1642;1778;4848;5116;7840;8555;8558;8766;10657;22897;23019;51143;79831;79959;83844;131405,ALMS1;BUB1B;CDC14B;CDK10;CEP164;CNOT1;CNOT2;DDB1;DYNC1H1;DYNC1LI1;KDM8;KHDRBS1;PCNT;RAB11A;TRIM71;USP26;ATM;CEP76
GO:0030216,keratinocyte differentiation,http://amigo.geneontology.org/amigo/term/GO:0030216,295,13,4.726089043561743,2.7506887576969463,9.820524374406503e-4,0.2814919395682155,247;1832;2312;3204;3713;5068;5080;5652;27152;81850;81870;85290;147183,ALOX15B;FLG;HOXA7;INTU;IVL;KRT25;KRTAP1-3;KRTAP4-3;KRTAP9-9;PAX6;PRSS8;REG3A;DSP
GO:0046580,negative regulation of Ras protein signal transduction,http://amigo.geneontology.org/amigo/term/GO:0046580,49,5,0.7850114004560182,6.369334250554155,0.0010900203891355265,0.28235316325113624,2909;4233;10617;23636;440730,MET;NUP62;STAMBP;TRIM67;ARHGAP35
GO:0008544,epidermis development,http://amigo.geneontology.org/amigo/term/GO:0008544,455,17,7.289391575663027,2.3321562332798287,0.0011072920303858425,0.28235316325113624,247;1832;2312;3204;3713;3918;5068;5080;5652;7399;27152;81850;81870;84189;85290;117531;147183,ALOX15B;FLG;HOXA7;INTU;IVL;KRT25;KRTAP1-3;KRTAP4-3;KRTAP9-9;LAMC2;PAX6;PRSS8;REG3A;SLITRK6;TMC1;USH2A;DSP
GO:1901796,regulation of signal transduction by p53 class mediator,http://amigo.geneontology.org/amigo/term/GO:1901796,129,8,2.0666626665066605,3.8709752344453148,0.0011222758383162557,0.28235316325113624,472;3190;6908;7994;9891;84154;149628;161742,HNRNPK;KAT6A;NUAK1;RPF2;TBP;ATM;SPRED1;PYHIN1
