geneSet,description,link,size,overlap,expect,enrichmentRatio,pValue,FDR,overlapId,userId
GO:0000070,mitotic sister chromatid segregation,http://amigo.geneontology.org/amigo/term/GO:0000070,155,11,2.34369374774991,4.693445980542755,2.4164350241884236e-5,0.10820457108008677,546;701;3619;7290;8555;8766;9055;10464;23636;51143;91272,ATRX;BOD1;BUB1B;CDC14B;DYNC1LI1;HIRA;INCENP;NUP62;PIBF1;PRC1;RAB11A
GO:0022618,ribonucleoprotein complex assembly,http://amigo.geneontology.org/amigo/term/GO:0022618,231,13,3.4928597143885756,3.721878650450079,5.200998508581023e-5,0.10820457108008677,1778;1975;3646;4848;7375;9924;10146;11189;23019;50628;54960;84154;92345,CELF3;CNOT1;CNOT2;DYNC1H1;EIF3E;EIF4B;G3BP1;GEMIN8;NAF1;PAN2;RPF2;USP4;GEMIN4
GO:0009913,epidermal cell differentiation,http://amigo.geneontology.org/amigo/term/GO:0009913,348,16,5.261970478819153,3.0406860062032472,8.339558710845907e-5,0.10820457108008677,247;1832;2312;3204;3713;5068;5080;5652;7399;27152;81850;81870;84189;85290;117531;147183,ALOX15B;FLG;HOXA7;INTU;IVL;KRT25;KRTAP1-3;KRTAP4-3;KRTAP9-9;PAX6;PRSS8;REG3A;SLITRK6;TMC1;USH2A;DSP
GO:0071826,ribonucleoprotein complex subunit organization,http://amigo.geneontology.org/amigo/term/GO:0071826,245,13,3.704548181927277,3.5091998704243603,9.461332004612188e-5,0.10820457108008677,1778;1975;3646;4848;7375;9924;10146;11189;23019;50628;54960;84154;92345,CELF3;CNOT1;CNOT2;DYNC1H1;EIF3E;EIF4B;G3BP1;GEMIN8;NAF1;PAN2;RPF2;USP4;GEMIN4
GO:1902117,positive regulation of organelle assembly,http://amigo.geneontology.org/amigo/term/GO:1902117,72,7,1.0886835473418937,6.429783950617284,1.0606701430315724e-4,0.10820457108008677,1778;2909;3936;4848;9924;23019;23636,CNOT1;CNOT2;DYNC1H1;LCP1;NUP62;PAN2;ARHGAP35
GO:0000819,sister chromatid segregation,http://amigo.geneontology.org/amigo/term/GO:0000819,185,11,2.7973118924756992,3.9323466323466323,1.2079783496454777e-4,0.10820457108008677,546;701;3619;7290;8555;8766;9055;10464;23636;51143;91272,ATRX;BOD1;BUB1B;CDC14B;DYNC1LI1;HIRA;INCENP;NUP62;PIBF1;PRC1;RAB11A
GO:0022613,ribonucleoprotein complex biogenesis,http://amigo.geneontology.org/amigo/term/GO:0022613,440,18,6.653066122644906,2.7055194805194804,1.3386827244965538e-4,0.10820457108008677,1778;1975;3646;4848;7375;9924;10146;10153;11189;23019;28987;50628;51077;51729;54059;54960;84154;92345,CEBPZ;CELF3;CNOT1;CNOT2;DYNC1H1;EIF3E;EIF4B;FCF1;G3BP1;GEMIN8;NAF1;NOB1;PAN2;RPF2;USP4;WBP11;YBEY;GEMIN4
GO:0035335,peptidyl-tyrosine dephosphorylation,http://amigo.geneontology.org/amigo/term/GO:0035335,100,8,1.512060482419297,5.29079365079365,1.3727189480505775e-4,0.10820457108008677,2138;5784;5796;7179;7803;8555;9829;11122,CDC14B;DNAJC6;EYA1;PTP4A1;PTPN14;PTPRK;PTPRT;TPTE
GO:1902850,microtubule cytoskeleton organization involved in mitosis,http://amigo.geneontology.org/amigo/term/GO:1902850,132,9,1.9959198367934718,4.509199134199134,1.8057727012399383e-4,0.126524473933545,1778;5080;5116;6867;8555;8766;9055;10464;23636,CDC14B;DYNC1H1;NUP62;PAX6;PCNT;PIBF1;PRC1;RAB11A;TACC1
GO:0006470,protein dephosphorylation,http://amigo.geneontology.org/amigo/term/GO:0006470,306,14,4.626905076203048,3.0257806826434277,2.4329019858404521e-4,0.14300701925206322,2138;5784;5796;7179;7803;8555;9258;9829;9891;10454;11122;22843;57718;91272,BOD1;CDC14B;DNAJC6;EYA1;MFHAS1;NUAK1;PPM1E;PPP4R4;PTP4A1;PTPN14;PTPRK;PTPRT;TAB1;TPTE
GO:0033962,cytoplasmic mRNA processing body assembly,http://amigo.geneontology.org/amigo/term/GO:0033962,21,4,0.31753270130805233,12.597127739984883,2.494572172173637e-4,0.14300701925206322,1778;4848;9924;23019,CNOT1;CNOT2;DYNC1H1;PAN2
GO:0007052,mitotic spindle organization,http://amigo.geneontology.org/amigo/term/GO:0007052,111,8,1.6783871354854194,4.7664807664807665,2.824976082416164e-4,0.14845249313096942,1778;5116;6867;8555;8766;9055;10464;23636,CDC14B;DYNC1H1;NUP62;PCNT;PIBF1;PRC1;RAB11A;TACC1
GO:0010603,regulation of cytoplasmic mRNA processing body assembly,http://amigo.geneontology.org/amigo/term/GO:0010603,10,3,0.15120604824192968,19.84047619047619,3.7895648032704177e-4,0.18382304345710196,4848;9924;23019,CNOT1;CNOT2;PAN2
GO:0030216,keratinocyte differentiation,http://amigo.geneontology.org/amigo/term/GO:0030216,295,13,4.460578423136925,2.914420231369384,5.751801531271861e-4,0.22956626291556742,247;1832;2312;3204;3713;5068;5080;5652;27152;81850;81870;85290;147183,ALOX15B;FLG;HOXA7;INTU;IVL;KRT25;KRTAP1-3;KRTAP4-3;KRTAP9-9;PAX6;PRSS8;REG3A;DSP
GO:0098813,nuclear chromosome segregation,http://amigo.geneontology.org/amigo/term/GO:0098813,258,12,3.901116044641786,3.0760428202288668,5.800680127932001e-4,0.22956626291556742,546;701;1778;3619;7290;8555;8766;9055;10464;23636;51143;91272,ATRX;BOD1;BUB1B;CDC14B;DYNC1H1;DYNC1LI1;HIRA;INCENP;NUP62;PIBF1;PRC1;RAB11A
GO:0008544,epidermis development,http://amigo.geneontology.org/amigo/term/GO:0008544,455,17,6.8798751950078,2.4709750566893423,5.824706956309988e-4,0.22956626291556742,247;1832;2312;3204;3713;3918;5068;5080;5652;7399;27152;81850;81870;84189;85290;117531;147183,ALOX15B;FLG;HOXA7;INTU;IVL;KRT25;KRTAP1-3;KRTAP4-3;KRTAP9-9;LAMC2;PAX6;PRSS8;REG3A;SLITRK6;TMC1;USH2A;DSP
GO:0016569,covalent chromatin modification,http://amigo.geneontology.org/amigo/term/GO:0016569,468,17,7.076443057722309,2.402336860670194,7.967271273667809e-4,0.29489929777514445,546;675;1105;1387;1642;2138;3008;3976;5578;7994;23569;25855;54880;56254;64324;79813;79831,ATRX;BCOR;BRCA2;BRMS1;CHD1;CREBBP;DDB1;EHMT1;EYA1;HIST1H1E;KAT6A;KDM8;LIF;NSD1;PADI4;PRKCA;RNF20
GO:0046580,negative regulation of Ras protein signal transduction,http://amigo.geneontology.org/amigo/term/GO:0046580,49,5,0.7409096363854555,6.748461289277615,8.417677386540756e-4,0.29489929777514445,2909;4233;10617;23636;440730,MET;NUP62;STAMBP;TRIM67;ARHGAP35
GO:0045838,positive regulation of membrane potential,http://amigo.geneontology.org/amigo/term/GO:0045838,14,3,0.21168846753870155,14.171768707482993,0.0010991323053450852,0.3465564158753054,288;6569;23530,ANK3;NNT;SLC34A1
GO:0046831,regulation of RNA export from nucleus,http://amigo.geneontology.org/amigo/term/GO:0046831,14,3,0.21168846753870155,14.171768707482993,0.0010991323053450852,0.3465564158753054,9972;10657;23144,KHDRBS1;NUP153;ZC3H3
GO:1902115,regulation of organelle assembly,http://amigo.geneontology.org/amigo/term/GO:1902115,209,10,3.1602064082563306,3.1643502696134274,0.0013316786858128538,0.38365584380262074,1778;2895;2909;3936;4848;8558;9924;23019;23636;26045,CDK10;CNOT1;CNOT2;DYNC1H1;GRID2;LCP1;LRRTM2;NUP62;PAN2;ARHGAP35
GO:0007051,spindle organization,http://amigo.geneontology.org/amigo/term/GO:0007051,175,9,2.6461058442337695,3.401224489795918,0.0013996021456255114,0.38365584380262074,546;1778;5116;6867;8555;8766;9055;10464;23636,ATRX;CDC14B;DYNC1H1;NUP62;PCNT;PIBF1;PRC1;RAB11A;TACC1
GO:0051058,negative regulation of small GTPase mediated signal transduction,http://amigo.geneontology.org/amigo/term/GO:0051058,55,5,0.8316332653306132,6.012265512265512,0.0014269175881566065,0.38365584380262074,2909;4233;10617;23636;440730,MET;NUP62;STAMBP;TRIM67;ARHGAP35
GO:0043588,skin development,http://amigo.geneontology.org/amigo/term/GO:0043588,409,15,6.184327373094924,2.4254860868552797,0.0014601554473934186,0.38365584380262074,247;1832;2312;3204;3691;3713;4233;5068;5080;5652;27152;81850;81870;85290;147183,ALOX15B;FLG;HOXA7;INTU;ITGB4;IVL;KRT25;KRTAP1-3;KRTAP4-3;KRTAP9-9;MET;PAX6;PRSS8;REG3A;DSP
GO:0016570,histone modification,http://amigo.geneontology.org/amigo/term/GO:0016570,455,16,6.8798751950078,2.3256235827664398,0.0015786332155351968,0.39606384151513635,546;675;1387;1642;2138;3008;3976;5578;7994;23569;25855;54880;56254;64324;79813;79831,ATRX;BCOR;BRCA2;BRMS1;CREBBP;DDB1;EHMT1;EYA1;HIST1H1E;KAT6A;KDM8;LIF;NSD1;PADI4;PRKCA;RNF20
