geneSet,description,Overlap,enrichmentRatio,Genes,pValue,FDR,analysis
GO:0000070,mitotic sister chromatid segregation,12/155,4.83247553461399,ATRX;BOD1;BUB1B;CDC14B;DYNC1LI1;HIRA;INCENP;NUP62;PIBF1;PRC1;RAB11A;ATM,7.608742879861019e-6,0.047980732600403586,webgestalt
GO:0022618,ribonucleoprotein complex assembly,14/231,3.782998524571558,CELF3;CNOT1;CNOT2;DYNC1H1;EIF3E;EIF4B;G3BP1;GEMIN8;NAF1;PAN2;RPF2;USP4;ATM;GEMIN4,2.2363262005997697e-5,0.07051136510491074,webgestalt
GO:0071826,ribonucleoprotein complex subunit organization,14/245,3.566827180310326,CELF3;CNOT1;CNOT2;DYNC1H1;EIF3E;EIF4B;G3BP1;GEMIN8;NAF1;PAN2;RPF2;USP4;ATM;GEMIN4,4.276371586864336e-5,0.07052967149961686,webgestalt
GO:0000819,sister chromatid segregation,12/185,4.048830853325235,ATRX;BOD1;BUB1B;CDC14B;DYNC1LI1;HIRA;INCENP;NUP62;PIBF1;PRC1;RAB11A;ATM,4.473813606065136e-5,0.07052967149961686,webgestalt
GO:0016569,covalent chromatin modification,20/468,2.667498959633791,ATRX;BCOR;BRCA2;BRMS1;CHD1;CREBBP;DDB1;EHMT1;EYA1;HIST1H1E;KAT6A;KDM8;LIF;NSD1;PADI4;PRKCA;RNF20;C6orf89;ATM;RBM14-RBM4,6.953306999224473e-5,0.08769510787421907,webgestalt
GO:0022613,ribonucleoprotein complex biogenesis,19/440,2.695386448757235,CEBPZ;CELF3;CNOT1;CNOT2;DYNC1H1;EIF3E;EIF4B;FCF1;G3BP1;GEMIN8;NAF1;NOB1;PAN2;RPF2;USP4;WBP11;YBEY;ATM;GEMIN4,9.224195932255874e-5,0.09694629924800924,webgestalt
GO:0016570,histone modification,19/455,2.6065275548421614,ATRX;BCOR;BRCA2;BRMS1;CREBBP;DDB1;EHMT1;EYA1;HIST1H1E;KAT6A;KDM8;LIF;NSD1;PADI4;PRKCA;RNF20;C6orf89;ATM;RBM14-RBM4,1.4261114626157312e-4,0.10287377099297461,webgestalt
GO:1902115,regulation of organelle assembly,12/209,3.583893339067792,CDK10;CNOT1;CNOT2;DYNC1H1;GRID2;LCP1;LRRTM2;NUP62;PAN2;CEP76;RBM14-RBM4;ARHGAP35,1.4382820220837367e-4,0.10287377099297461,webgestalt
GO:1902117,positive regulation of organelle assembly,7/72,6.068560133166874,CNOT1;CNOT2;DYNC1H1;LCP1;NUP62;PAN2;ARHGAP35,1.5176875968636594e-4,0.10287377099297461,webgestalt
GO:0009913,epidermal cell differentiation,16/348,2.869860949674975,ALOX15B;FLG;HOXA7;INTU;IVL;KRT25;KRTAP1-3;KRTAP4-3;KRTAP9-9;PAX6;PRSS8;REG3A;SLITRK6;TMC1;USH2A;DSP,1.6313633205355949e-4,0.10287377099297461,webgestalt
GO:0035335,peptidyl-tyrosine dephosphorylation,8/100,4.993558052434457,CDC14B;DNAJC6;EYA1;PTP4A1;PTPN14;PTPRK;PTPRT;TPTE,2.0384587849509028e-4,0.1119273540351769,webgestalt
GO:0072331,signal transduction by p53 class mediator,12/218,3.4359344397484795,ATRX;BRCA2;CNOT1;CNOT2;HNRNPK;KAT6A;NUAK1;RPF2;TBP;ATM;SPRED1;PYHIN1,2.1299211043801503e-4,0.1119273540351769,webgestalt
GO:1902850,microtubule cytoskeleton organization involved in mitosis,9/132,4.255873340143003,CDC14B;DYNC1H1;NUP62;PAX6;PCNT;PIBF1;PRC1;RAB11A;TACC1,2.773650622951429e-4,0.1255736267125108,webgestalt
GO:0098813,nuclear chromosome segregation,13/258,3.1451673779868186,ATRX;BOD1;BUB1B;CDC14B;DYNC1H1;DYNC1LI1;HIRA;INCENP;NUP62;PIBF1;PRC1;RAB11A;ATM,2.787869923842612e-4,0.1255736267125108,webgestalt
GO:0033962,cytoplasmic mRNA processing body assembly,4/21,11.889423934367754,CNOT1;CNOT2;DYNC1H1;PAN2,3.1094657604802123e-4,0.1307219405705881,webgestalt
GO:0007052,mitotic spindle organization,8/111,4.498700948139151,CDC14B;DYNC1H1;NUP62;PCNT;PIBF1;PRC1;RAB11A;TACC1,4.159037418693945e-4,0.15047722447610964,webgestalt
GO:0006470,protein dephosphorylation,14/306,2.855793003843235,BOD1;CDC14B;DNAJC6;EYA1;MFHAS1;NUAK1;PPM1E;PPP4R4;PTP4A1;PTPN14;PTPRK;PTPRT;TAB1;TPTE,4.3692164037367753e-4,0.15047722447610964,webgestalt
GO:0010603,regulation of cytoplasmic mRNA processing body assembly,3/10,18.72584269662921,CNOT1;CNOT2;PAN2,4.488972596343732e-4,0.15047722447610964,webgestalt
GO:0048285,organelle fission,18/459,2.447822574722773,ACOT8;ATRX;BOD1;BRCA2;BUB1B;CDC14B;DYNC1LI1;HIRA;INCENP;LIF;MIEF1;NUP62;PIBF1;PRC1;RAB11A;ATM;CDK13;TMEM135,4.5338840232256317e-4,0.15047722447610964,webgestalt
GO:0140014,mitotic nuclear division,13/282,2.8774935585836854,ATRX;BOD1;BUB1B;CDC14B;DYNC1LI1;HIRA;INCENP;NUP62;PIBF1;PRC1;RAB11A;ATM;CDK13,6.48391668773618e-4,0.20443789316432176,webgestalt
GO:0044772,mitotic cell cycle phase transition,18/487,2.307085342500519,ALMS1;BUB1B;CDC14B;CDK10;CEP164;CNOT1;CNOT2;DDB1;DYNC1H1;DYNC1LI1;KDM8;KHDRBS1;PCNT;RAB11A;TRIM71;USP26;ATM;CEP76,9.005331092490909e-4,0.2704172279487984,webgestalt
GO:0030216,keratinocyte differentiation,13/295,2.7506887576969463,ALOX15B;FLG;HOXA7;INTU;IVL;KRT25;KRTAP1-3;KRTAP4-3;KRTAP9-9;PAX6;PRSS8;REG3A;DSP,9.820524374406503e-4,0.2814919395682155,webgestalt
GO:0046580,negative regulation of Ras protein signal transduction,5/49,6.369334250554155,MET;NUP62;STAMBP;TRIM67;ARHGAP35,0.0010900203891355265,0.28235316325113624,webgestalt
GO:0008544,epidermis development,17/455,2.3321562332798287,ALOX15B;FLG;HOXA7;INTU;IVL;KRT25;KRTAP1-3;KRTAP4-3;KRTAP9-9;LAMC2;PAX6;PRSS8;REG3A;SLITRK6;TMC1;USH2A;DSP,0.0011072920303858425,0.28235316325113624,webgestalt
GO:1901796,regulation of signal transduction by p53 class mediator,8/129,3.8709752344453148,HNRNPK;KAT6A;NUAK1;RPF2;TBP;ATM;SPRED1;PYHIN1,0.0011222758383162557,0.28235316325113624,webgestalt
GO:1902117,positive regulation of organelle assembly ,6/47,7.212405337179948,DYNC1H1;CNOT1;CNOT2;NUP62;LCP1;ARHGAP35,1.7157137827671784e-4,0.8755287433460911,enrichr
GO:0007044,cell-substrate junction assembly ,3/11,15.408320493066254,ITGB4;LAMA3;LAMC2,8.16329747341281e-4,1,enrichr
GO:0031581,hemidesmosome assembly ,3/11,15.408320493066254,ITGB4;LAMA3;LAMC2,8.16329747341281e-4,1,enrichr
GO:0000289,nuclear-transcribed mRNA poly(A) tail shortening ,4/29,7.792713812585233,PAN2;CNOT1;CNOT2;EIF4B,0.0016152802947258754,1,enrichr
GO:0043517,"positive regulation of DNA damage response, signal transduction by p53 class mediator ",3/14,12.106537530266342,SPRED1;PYHIN1;ATM,0.0017312271048866483,1,enrichr
GO:0016570,histone modification ,7/98,4.035512510088781,CREBBP;BRMS1;EYA1;KAT6A;NSD1;EHMT1;PADI4,0.0017890079060680919,1,enrichr
GO:0046831,regulation of RNA export from nucleus ,3/15,11.299435028248588,KHDRBS1;ZC3H3;NUP153,0.0021358186654502056,1,enrichr
GO:0000070,mitotic sister chromatid segregation ,6/82,4.13393964448119,HIRA;BOD1;PRC1;NUP62;PIBF1;RAB11A,0.003337049407436495,1,enrichr
GO:0000281,mitotic cytokinesis ,5/59,4.787896198410418,INCENP;ANK3;STAMBP;BRCA2;SPTBN1,0.003866822203868208,1,enrichr
GO:0045617,negative regulation of keratinocyte differentiation ,2/6,18.832391713747644,REG3A;HOXA7,0.004470580642814151,1,enrichr
GO:0009113,purine nucleobase biosynthetic process ,2/6,18.832391713747644,PRPS1;SHMT1,0.004470580642814151,1,enrichr
GO:0070816,phosphorylation of RNA polymerase II C-terminal domain ,2/6,18.832391713747644,CDK13;GTF2H4,0.004470580642814151,1,enrichr
GO:0070601,centromeric sister chromatid cohesion ,2/6,18.832391713747644,BOD1;BUB1B,0.004470580642814151,1,enrichr
GO:0070170,regulation of tooth mineralization ,2/6,18.832391713747644,BCOR;ASPN,0.004470580642814151,1,enrichr
GO:0017148,negative regulation of translation ,6/88,3.8520801232665636,TRIM71;CNOT1;SHMT1;CNOT2;CAPRIN1;EIF3E,0.0047297280762885734,1,enrichr
GO:0072594,establishment of protein localization to organelle ,5/62,4.55622380171314,NUP62;NUP153;IPO7;RAB11A;HK1,0.0047879812633012005,1,enrichr
GO:0006417,regulation of translation ,10/213,2.6524495371475556,TRIM71;CNOT1;SHMT1;CNOT2;CAPRIN1;NUP62;LTN1;NUP153;EIF3E;EIF4B,0.0048033223131017,1,enrichr
GO:0060271,cilium assembly ,12/288,2.3540489642184554,DYNC1H1;ABCC4;LRGUK;INTU;CCDC113;ALMS1;CEP164;PCNT;CEP76;PIBF1;RAB11A;CDC14B,0.005464471000069087,1,enrichr
GO:0021955,central nervous system neuron axonogenesis ,2/7,16.142050040355123,SPTBN4;ARHGAP35,0.006185805016440239,1,enrichr
GO:0045605,negative regulation of epidermal cell differentiation ,2/7,16.142050040355123,REG3A;HOXA7,0.006185805016440239,1,enrichr
GO:0035999,tetrahydrofolate interconversion ,2/7,16.142050040355123,SHMT1;MTHFS,0.006185805016440239,1,enrichr
GO:1903829,positive regulation of cellular protein localization ,5/66,4.280089025851738,PYHIN1;NUP62;LIF;PARP9;PCNT,0.006245181000115063,1,enrichr
GO:0006470,protein dephosphorylation ,7/125,3.1638418079096047,PTPRT;EYA1;TPTE;PTPRK;PPM1E;PTPN14;CDC14B,0.0068931085391319615,1,enrichr
GO:0007080,mitotic metaphase plate congression ,4/43,5.255551175929575,BOD1;NUP62;PIBF1;RAB11A,0.006914454939715746,1,enrichr
GO:0000086,G2/M transition of mitotic cell cycle ,7/126,3.138731952291274,KHDRBS1;DYNC1H1;CEP164;KDM8;ALMS1;PCNT;CEP76,0.007190968857108368,1,enrichr
GO:0097711,ciliary basal body-plasma membrane docking ,6/96,3.5310734463276834,DYNC1H1;CEP164;ALMS1;PCNT;CEP76;RAB11A,0.007197646805812362,1,enrichr
GO:0010629,negative regulation of gene expression ,20/618,1.828387545024043,TRIM71;KHDRBS1;NDFIP2;SHMT1;EHMT1;PTPRK;PARP9;TTBK1;ARHGAP35;NCOR2;BRMS1;MYCN;CNOT1;KAT6A;CAPRIN1;CNOT2;ZNF418;ZNF503;BCOR;HOXA7,0.007287657637875404,1,enrichr
GO:0044839,cell cycle G2/M phase transition ,7/127,3.114017527470083,KHDRBS1;DYNC1H1;CEP164;KDM8;ALMS1;PCNT;CEP76,0.007498261568919947,1,enrichr
GO:0051310,metaphase plate congression ,4/44,5.136106831022086,BOD1;NUP62;PIBF1;RAB11A,0.007501839475537371,1,enrichr
GO:0061640,cytoskeleton-dependent cytokinesis ,5/70,4.035512510088781,INCENP;ANK3;STAMBP;BRCA2;SPTBN1,0.0079886570919454,1,enrichr
GO:0045651,positive regulation of macrophage differentiation ,2/8,14.124293785310734,LIF;PRKCA,0.00815167063046219,1,enrichr
GO:0090311,regulation of protein deacetylation ,2/8,14.124293785310734,SPRED1;BRMS1,0.00815167063046219,1,enrichr
GO:0002934,desmosome organization ,2/8,14.124293785310734,DSP;PRKCA,0.00815167063046219,1,enrichr
GO:0010603,regulation of cytoplasmic mRNA processing body assembly ,2/8,14.124293785310734,CNOT1;CNOT2,0.00815167063046219,1,enrichr
GO:0010390,histone monoubiquitination ,3/24,7.062146892655367,RNF20;DDB1;BCOR,0.008446875109413277,1,enrichr
GO:0032231,regulation of actin filament bundle assembly ,3/24,7.062146892655367,SYNPO2;ALMS1;SYNPO,0.008446875109413277,1,enrichr
GO:0051170,nuclear import ,5/71,3.978674305721334,NUP62;GEMIN4;NUP153;GEMIN8;IPO7,0.008472304875594593,1,enrichr
GO:0007052,mitotic spindle organization ,5/74,3.817376698732631,DYNC1H1;PRC1;PCNT;PIBF1;RAB11A,0.010044173072480967,1,enrichr
GO:0018095,protein polyglutamylation ,2/9,12.554927809165097,TTLL4;TTLL1,0.010358818281433778,1,enrichr
GO:0034110,regulation of homotypic cell-cell adhesion ,2/9,12.554927809165097,PRKCA;ANK3,0.010358818281433778,1,enrichr
GO:0007016,cytoskeletal anchoring at plasma membrane ,2/9,12.554927809165097,SPTBN4;ANK3,0.010358818281433778,1,enrichr
GO:0080135,regulation of cellular response to stress ,6/104,3.259452411994785,NUAK1;CREBBP;HSPH1;NUP62;NUP153;ATM,0.010484162035102265,1,enrichr
GO:0034249,negative regulation of cellular amide metabolic process ,5/75,3.766478342749529,TRIM71;CNOT1;SHMT1;CNOT2;CAPRIN1,0.010609696395992909,1,enrichr
GO:0006464,cellular protein modification process ,28/1001,1.5803405633914107,FLG;PTPRT;ITIH2;STK19;TPTE;PTPRK;TTBK1;CDC14B;NUAK1;DSP;CISH;PRKCA;LMO7;UCHL3;CDC42BPA;PTPN14;RAB11A;FBXO30;DDB1;STK17A;ZNF738;CDK10;ATM;PADI4;SIK2;CDK13;MFGE8;IVL,0.011610766259329927,1,enrichr
GO:1900180,regulation of protein localization to nucleus ,3/27,6.277463904582548,PYHIN1;LIF;PARP9,0.011740386595136572,1,enrichr
GO:1900034,regulation of cellular response to heat ,5/78,3.621613791105316,CREBBP;HSPH1;NUP62;NUP153;ATM,0.012436072467404389,1,enrichr
GO:0000956,nuclear-transcribed mRNA catabolic process ,8/174,2.597571270861744,PAN2;UPF2;DHX34;CNOT1;CNOT2;ATM;EIF3E;EIF4B,0.012504556106012834,1,enrichr
GO:0033147,negative regulation of intracellular estrogen receptor signaling pathway ,2/10,11.299435028248588,CNOT1;CNOT2,0.012798139903830982,1,enrichr
GO:2000036,regulation of stem cell population maintenance ,2/11,10.272213662044171,CNOT1;CNOT2,0.015460772670756424,1,enrichr
GO:0006144,purine nucleobase metabolic process ,2/11,10.272213662044171,PRPS1;SHMT1,0.015460772670756424,1,enrichr
GO:0000022,mitotic spindle elongation ,2/11,10.272213662044171,PRC1;CDC14B,0.015460772670756424,1,enrichr
GO:1902749,regulation of cell cycle G2/M phase transition ,5/84,3.3629270917406506,DYNC1H1;CEP164;ALMS1;PCNT;CEP76,0.016703658260718207,1,enrichr
GO:1901990,regulation of mitotic cell cycle phase transition ,8/184,2.4563989191844753,DDB1;DYNC1H1;CEP164;ALMS1;BUB1B;PCNT;CEP76;CDC14B,0.016988183201704123,1,enrichr
GO:0006338,chromatin remodeling ,6/116,2.922267679719462,SP140;ATRX;PADI4;TOX;ARID1A;BPTF,0.01722310656756638,1,enrichr
GO:0044772,mitotic cell cycle phase transition ,9/221,2.3007899378786716,TRIM71;DYNC1H1;KHDRBS1;USP26;KDM8;ALMS1;CEP164;PCNT;CEP76,0.01727544218761977,1,enrichr
GO:1903508,positive regulation of nucleic acid-templated transcription ,16/502,1.8007067774101333,RNF20;CREBBP;PYHIN1;KDM8;PAX6;BRCA2;PARP9;ARID1A;MED24;MYCN;LHX3;NSD1;KAT6A;NUP62;NAA16;BPTF,0.01759558481839988,1,enrichr
GO:0072425,signal transduction involved in G2 DNA damage checkpoint ,2/12,9.416195856873822,ATM;CDC14B,0.018338093200936743,1,enrichr
GO:0031060,regulation of histone methylation ,2/12,9.416195856873822,NSD1;PRDM10,0.018338093200936743,1,enrichr
GO:0032206,positive regulation of telomere maintenance ,3/32,5.296610169491525,ATRX;NAF1;ATM,0.01866074584458468,1,enrichr
GO:0044089,positive regulation of cellular component biogenesis ,5/87,3.24696408857718,GRID2;SYNPO2;PRKCA;ATM;SYNPO,0.019161912934671874,1,enrichr
GO:0006473,protein acetylation ,3/33,5.136106831022086,CREBBP;KAT6A;NAA16,0.02026356593629674,1,enrichr
GO:0033157,regulation of intracellular protein transport ,3/33,5.136106831022086,LCP1;PCNT;PTPN14,0.02026356593629674,1,enrichr
GO:0043648,dicarboxylic acid metabolic process ,4/59,3.8303169587283348,ACOT8;SHMT1;IDH1;MTHFS,0.020477839066508356,1,enrichr
GO:0016310,phosphorylation ,13/386,1.9027546032024825,PRKCA;STK19;CDC42BPA;TTBK1;HK1;NUAK1;STK17A;UQCRC1;PI4KA;CDK10;ATM;SIK2;CDK13,0.0206501961980447,1,enrichr
GO:0032269,negative regulation of cellular protein metabolic process ,5/89,3.1739986034406145,TRIM71;CNOT1;SHMT1;CNOT2;CAPRIN1,0.020926169996608898,1,enrichr
GO:0030198,extracellular matrix organization ,9/229,2.2204129968174082,ITGB4;HAS1;COL4A3;GFOD2;LAMA3;COL4A5;LAMC2;LCP1;ADAMTS9,0.021210535359198802,1,enrichr
GO:0010765,positive regulation of sodium ion transport ,2/13,8.69187309865276,ANK3;PRSS8,0.021421711913835267,1,enrichr
GO:0034724,DNA replication-independent nucleosome organization ,2/13,8.69187309865276,HIRA;ATRX,0.021421711913835267,1,enrichr
GO:1903798,regulation of production of miRNAs involved in gene silencing by miRNA ,2/13,8.69187309865276,NCOR2;MYCN,0.021421711913835267,1,enrichr
GO:0045649,regulation of macrophage differentiation ,2/13,8.69187309865276,LIF;PRKCA,0.021421711913835267,1,enrichr
GO:0036109,alpha-linolenic acid metabolic process ,2/13,8.69187309865276,ACOT8;FADS1,0.021421711913835267,1,enrichr
GO:0046653,tetrahydrofolate metabolic process ,2/13,8.69187309865276,SHMT1;MTHFS,0.021421711913835267,1,enrichr
GO:2001026,regulation of endothelial cell chemotaxis ,2/13,8.69187309865276,HRG;MET,0.021421711913835267,1,enrichr
GO:0043649,dicarboxylic acid catabolic process ,2/13,8.69187309865276,ACOT8;MTHFS,0.021421711913835267,1,enrichr
GO:0002028,regulation of sodium ion transport ,3/35,4.8426150121065374,SPTBN4;PRSS8;ANK3,0.02368949001182896,1,enrichr
GO:0043666,regulation of phosphoprotein phosphatase activity ,3/35,4.8426150121065374,NUAK1;BOD1;PPP4R4,0.02368949001182896,1,enrichr
GO:0046822,regulation of nucleocytoplasmic transport ,2/14,8.071025020177562,KHDRBS1;PTPN14,0.02470346748364804,1,enrichr
GO:0070168,negative regulation of biomineral tissue development ,2/14,8.071025020177562,BCOR;ASPN,0.02470346748364804,1,enrichr
GO:0007416,synapse assembly ,4/63,3.5871222311900275,FARP1;GRID2;SLITRK6;PCDH17,0.025380547856353023,1,enrichr
GO:0000288,"nuclear-transcribed mRNA catabolic process, deadenylation-dependent decay ",4/63,3.5871222311900275,PAN2;CNOT1;CNOT2;EIF4B,0.025380547856353023,1,enrichr
GO:0006351,"transcription, DNA-templated ",12/356,1.9043991620643685,TCERG1;TBP;SALL4;NUP62;PAX6;CEBPZ;HIVEP2;GTF2H4;GTF2F2;IRF9;BPTF;TCFL5,0.025416619607375217,1,enrichr
GO:0008589,regulation of smoothened signaling pathway ,3/36,4.708097928436911,CREBBP;INTU;C16ORF52,0.02551259663594163,1,enrichr
GO:0043588,skin development ,5/94,3.0051688904916456,DSP;FLG;ITGB4;MET;IVL,0.025790411191437636,1,enrichr
GO:0000387,spliceosomal snRNP assembly ,3/37,4.580852038479157,USP4;GEMIN4;GEMIN8,0.027409006470956836,1,enrichr
GO:0034504,protein localization to nucleus ,5/96,2.9425612052730696,NUP62;NUP153;RPF2;IPO7;TOR1AIP1,0.027922228007348317,1,enrichr
GO:0034356,NAD biosynthesis via nicotinamide riboside salvage pathway ,2/15,7.532956685499058,NAPRT;PARP9,0.02817542144749501,1,enrichr
GO:0070198,"protein localization to chromosome, telomeric region ",2/15,7.532956685499058,ATRX;BRCA2,0.02817542144749501,1,enrichr
GO:0071459,"protein localization to chromosome, centromeric region ",2/15,7.532956685499058,BOD1;BUB1B,0.02817542144749501,1,enrichr
GO:0006636,unsaturated fatty acid biosynthetic process ,2/15,7.532956685499058,ALOX15B;FADS1,0.02817542144749501,1,enrichr
GO:0046599,regulation of centriole replication ,2/15,7.532956685499058,NUP62;CEP76,0.02817542144749501,1,enrichr
GO:0070723,response to cholesterol ,2/15,7.532956685499058,ABCA2;MLC1,0.02817542144749501,1,enrichr
GO:0006474,N-terminal protein amino acid acetylation ,2/15,7.532956685499058,CREBBP;NAA16,0.02817542144749501,1,enrichr
GO:0009913,epidermal cell differentiation ,4/67,3.372965680074205,DSP;FLG;USH2A;IVL,0.030932278359711775,1,enrichr
GO:0006893,Golgi to plasma membrane transport ,3/39,4.34593654932638,EXOC6;ANK3;SPTBN1,0.03142092486591428,1,enrichr
GO:0006305,DNA alkylation ,2/16,7.062146892655367,ATRX;EHMT1,0.031829852877781964,1,enrichr
GO:0061436,establishment of skin barrier ,2/16,7.062146892655367,FLG;MET,0.031829852877781964,1,enrichr
GO:0033561,regulation of water loss via skin ,2/16,7.062146892655367,FLG;MET,0.031829852877781964,1,enrichr
GO:0044728,DNA methylation or demethylation ,2/16,7.062146892655367,ATRX;EHMT1,0.031829852877781964,1,enrichr
GO:0016925,protein sumoylation ,4/68,3.3233632436025258,EYA1;INCENP;NUP62;NUP153,0.03242307950928411,1,enrichr
GO:0010923,negative regulation of phosphatase activity ,4/68,3.3233632436025258,FARP1;SPRED1;BOD1;PPP4R4,0.03242307950928411,1,enrichr
GO:0032386,regulation of intracellular transport ,3/40,4.23728813559322,DYNC1H1;MLC1;LCP1,0.033535860390247745,1,enrichr
GO:0016525,negative regulation of angiogenesis ,4/69,3.275198558912634,SPRED1;COL4A3;HRG;ADAMTS9,0.03395530079411747,1,enrichr
GO:1904356,regulation of telomere maintenance via telomere lengthening ,2/17,6.6467264872050515,NAF1;ATM,0.03565925324012097,1,enrichr
GO:0033522,histone H2A ubiquitination ,2/17,6.6467264872050515,DDB1;BCOR,0.03565925324012097,1,enrichr
GO:0002833,positive regulation of response to biotic stimulus ,2/17,6.6467264872050515,PRKCA;SASH1,0.03565925324012097,1,enrichr
GO:0035518,histone H2A monoubiquitination ,2/17,6.6467264872050515,DDB1;BCOR,0.03565925324012097,1,enrichr
GO:0071173,spindle assembly checkpoint ,2/17,6.6467264872050515,BUB1B;ATM,0.03565925324012097,1,enrichr
GO:0032515,negative regulation of phosphoprotein phosphatase activity ,2/17,6.6467264872050515,BOD1;PPP4R4,0.03565925324012097,1,enrichr
GO:1901798,positive regulation of signal transduction by p53 class mediator ,2/17,6.6467264872050515,SPRED1;ATM,0.03565925324012097,1,enrichr
GO:0007094,mitotic spindle assembly checkpoint ,2/17,6.6467264872050515,BUB1B;ATM,0.03565925324012097,1,enrichr
GO:0071174,mitotic spindle checkpoint ,2/17,6.6467264872050515,BUB1B;ATM,0.03565925324012097,1,enrichr
GO:0050913,sensory perception of bitter taste ,3/41,4.13393964448119,CALHM1;RTP3;TAS2R3,0.035722959678904556,1,enrichr
GO:1901796,regulation of signal transduction by p53 class mediator ,6/138,2.4563989191844753,NUAK1;TBP;KAT6A;EHMT1;ATM;RPF2,0.036315911306463534,1,enrichr
GO:1900182,positive regulation of protein localization to nucleus ,3/42,4.035512510088781,PYHIN1;LIF;PARP9,0.03798178333833644,1,enrichr
GO:0090224,regulation of spindle organization ,2/18,6.277463904582548,DYNC1H1;NUP62,0.03965632130974999,1,enrichr
GO:0010837,regulation of keratinocyte proliferation ,2/18,6.277463904582548,REG3A;PTPRK,0.03965632130974999,1,enrichr
GO:0031664,regulation of lipopolysaccharide-mediated signaling pathway ,2/18,6.277463904582548,PRKCA;SASH1,0.03965632130974999,1,enrichr
GO:0035308,negative regulation of protein dephosphorylation ,2/18,6.277463904582548,BOD1;PPP4R4,0.03965632130974999,1,enrichr
GO:0006306,DNA methylation ,2/18,6.277463904582548,ATRX;EHMT1,0.03965632130974999,1,enrichr
GO:0042127,regulation of cell proliferation ,20/740,1.5269506794930525,TRIM71;REG3A;LIF;LAMC2;MST1R;PTPRK;BRCA2;ALOX15B;PTPN14;PGF;NUAK1;PRC1;COL4A3;NUP62;CDK10;ZNF503;STAMBP;HRG;CDK13;TCFL5,0.04083591311692249,1,enrichr
GO:0140014,mitotic nuclear division ,4/74,3.053901358986105,HIRA;NUP62;PIBF1;RAB11A,0.04224032597590766,1,enrichr
GO:0033559,unsaturated fatty acid metabolic process ,3/44,3.8520801232665636,ACOT8;ALOX15B;FADS1,0.04271257131933183,1,enrichr
GO:0032388,positive regulation of intracellular transport ,3/44,3.8520801232665636,DYNC1H1;MLC1;PCNT,0.04271257131933183,1,enrichr
GO:0046394,carboxylic acid biosynthetic process ,3/44,3.8520801232665636,HAS1;MTHFS;FADS1,0.04271257131933183,1,enrichr
GO:0007077,mitotic nuclear envelope disassembly ,3/44,3.8520801232665636,NUP62;NUP153;PRKCA,0.04271257131933183,1,enrichr
GO:0032233,positive regulation of actin filament bundle assembly ,3/44,3.8520801232665636,SYNPO2;SYNPO;PPM1E,0.04271257131933183,1,enrichr
GO:0016571,histone methylation ,2/19,5.947071067499256,NSD1;EHMT1,0.043813958216413304,1,enrichr
GO:0046655,folic acid metabolic process ,2/19,5.947071067499256,SHMT1;MTHFS,0.043813958216413304,1,enrichr
GO:0010543,regulation of platelet activation ,2/19,5.947071067499256,PRKCA;HRG,0.043813958216413304,1,enrichr
GO:0006469,negative regulation of protein kinase activity ,5/109,2.5916135385891255,SPRED1;CISH;SH3BP5;PPM1E;ASPN,0.04448207490179977,1,enrichr
GO:0000122,negative regulation of transcription from RNA polymerase II promoter ,16/565,1.5999200039998,TCERG1;CREBBP;ATRX;ATN1;EN1;PARP9;ARHGAP35;NCOR2;BRMS1;CNOT1;NSD1;CNOT2;BCOR;HOXA7;BPTF;TCFL5,0.04478519829935928,1,enrichr
GO:0010468,regulation of gene expression ,26/1037,1.4165154808797649,TRIM71;SP140;ZC3H3;BRCA2;PRDM10;TTBK1;SALL4;ZNF503;HIVEP2;FADS1;BPTF;TCFL5;RNF20;CREBBP;NDFIP2;ATRX;PAX6;ANK3;PARP9;MYCN;ZNF418;CDK10;ATM;HRG;TOX;ZNF772,0.04736077260030054,1,enrichr
GO:0051081,nuclear envelope disassembly ,3/46,3.684598378776713,NUP62;NUP153;PRKCA,0.04772365005249184,1,enrichr
GO:0090307,mitotic spindle assembly ,3/46,3.684598378776713,PIBF1;RAB11A;CDC14B,0.04772365005249184,1,enrichr
GO:0016569,covalent chromatin modification ,2/20,5.649717514124294,PRDM10;CHD1,0.04812526262493664,1,enrichr
GO:0120033,negative regulation of plasma membrane bounded cell projection assembly ,2/20,5.649717514124294,CDK10;HRG,0.04812526262493664,1,enrichr
GO:0071542,dopaminergic neuron differentiation ,2/20,5.649717514124294,EN1;MANF,0.04812526262493664,1,enrichr
GO:0010389,regulation of G2/M transition of mitotic cell cycle ,6/149,2.2750540325332724,DYNC1H1;CEP164;ALMS1;PCNT;CEP76;RAB11A,0.04955997752736666,1,enrichr
GO:0050954,sensory perception of mechanical stimulus ,4/78,2.897291032884253,SPTBN4;EYA1;COL4A3;USH2A,0.04961800199676054,1,enrichr
