gene,HGVSp,sample,mBAF,chromosome,start,end,ref,alt
MAP1LC3B,ENSP00000268607.5:p.Ser3Leu,14.T,0.83,chr16,87426041,87426041,C,T
PNMAL1,ENSP00000318131.10:p.Pro329Leu,20.T,0.67,chr19,46973307,46973307,G,A
TPRXL,ENSP00000400448.1:p.Pro232Thr,28.CL,0.68,chr3,14106370,14106370,C,A
SLC9A5,NA,28.CL,1,chr16,67267655,67267655,C,T
LRRC3B,ENSP00000379880.2:p.Asn74Ser,28.T,0.66,chr3,26751384,26751384,A,G
SAMD9,ENSP00000369292.2:p.Pro63Ser,43.CL,0.82,chr7,92735224,92735224,G,A
STK19,NA,43.CL,0.79,chr6,31935054,31935054,G,A
DSP,ENSP00000369129.3:p.Arg270Ter,43.CL,0.76,chr6,7565622,7565622,C,T
CSN2,ENSP00000341030.3:p.Pro165Leu,43.CL,0.7,chr4,70823173,70823173,G,A
STK19,NA,43.T,0.75,chr6,31935054,31935054,G,A
DSP,ENSP00000369129.3:p.Arg270Ter,43.T,0.75,chr6,7565622,7565622,C,T
TMEM135,ENSP00000306344.5:p.Trp405Ter,48.CL,0.67,chr11,87030389,87030389,G,A
