id,symbol,chromosome,seg_mean,absolute_cn,author
SJRB009,MYCN,2,0.862,3.64,mcevoy et al.
SJRB012,MYCN,2,0.43,2.69,mcevoy et al.
SJRB017,MYCN,2,0.52,2.86,mcevoy et al.
SJRB024,MYCN,2,0.3463,2.54,mcevoy et al.
SJRB031,MYCN,2,0.85,3.61,mcevoy et al.
SJRB032,MYCN,2,0.84,3.57,mcevoy et al.
SJRB036,RB1,13,-0.21,1.73,mcevoy et al.
SJRB037,RB1,13,-0.92,1.06,mcevoy et al.
SJRB046,RB1,13,-0.49,1.42,mcevoy et al.
UPEN-RB-11,BCOR,X,-0.0889695805,1.880388053,mcevoy et al.
UPEN-RB-14,RB1,13,-0.2408494225,1.6924938336,mcevoy et al.
UPEN-RB-25,BCOR,X,-0.2520157798,1.6794446164,mcevoy et al.
UPEN-RB-33,BCOR,X,-0.3566812318,1.561918058,mcevoy et al.
UPEN-RB-47,BCOR,X,-0.1231367854,1.8363782049,mcevoy et al.
T1,RB1,13,-0.897,1.0740044716201242,kooi et al.
T2,MYCN,2,0.4253,2.685703423825421,kooi et al.
T2,BCOR,X,-0.9838,1.0112922660107664,kooi et al.
T6,RB1,13,-0.9111,1.0635589500494165,kooi et al.
T10,RB1,13,-0.86240000000000006,1.100073561924394,kooi et al.
T11,MYCN,2,5.0538,66.4317032868133,kooi et al.
T7,MYCN,2,2.9919,15.910419834284532,kooi et al.
T14,MYCN,2,6.3104,158.72658784663895,kooi et al.
T16,MYCN,2,0.5501,2.928374364300106,kooi et al.
T16,RB1,13,-0.9415,1.0413824508042486,kooi et al.
T17,MYCN,2,0.482,2.793357064934795,kooi et al.
T18,MYCN,2,0.5717,2.9725477806559732,kooi et al.
T20,MYCN,2,1.0854,4.243927468911153,kooi et al.
T21,MYCN,2,4.4321,43.174273607759105,kooi et al.
T22,MYCN,2,0.5889,3.0081989830863476,kooi et al.
T22,RB1,13,-4.6867,0.07765916470194008,kooi et al.
T22,BCOR,X,-3.6747,0.15661561874452992,kooi et al.
T23,RB1,13,-1.1331,0.9118699573201696,kooi et al.
T24,MYCN,2,4.1646,35.86736857201812,kooi et al.
T26,RB1,13,-0.9413,1.0415268270733498,kooi et al.
T28,MYCN,2,0.7696,3.409594095793992,kooi et al.
T28,BCOR,X,-0.7786,1.1658643995758482,kooi et al.
T30,MYCN,2,0.3863,2.6140740326866347,kooi et al.
T32,MYCN,2,0.3442,2.5388937130481426,kooi et al.
T34,RB1,13,-0.8278,1.1267754219118913,kooi et al.
T36,MYCN,2,0.396,2.6317090500580163,kooi et al.
T37,RB1,13,-1.0144,0.9900683286467772,kooi et al.
T38,MYCN,2,0.7408,3.3422044756486557,kooi et al.
T41,MYCN,2,0.3312,2.516118727616017,kooi et al.
T44,RB1,13,-4.8835,0.06775635142102718,kooi et al.
T44,RB1,13,-1.1877,0.8780043545008948,kooi et al.
T45,RB1,13,-0.7971,1.1510097066493723,kooi et al.
T49,RB1,13,-4.8361,0.07001947233894318,kooi et al.
T51,MYCN,2,0.5141,2.8562059296176443,kooi et al.
T51,RB1,13,-4.9079,0.06662003859340311,kooi et al.
T52,MYCN,2,0.6187,3.070981880274223,kooi et al.
T52,BCOR,X,-0.8805,1.086358294181161,kooi et al.
T55,MYCN,2,0.8274,3.5489690673733527,kooi et al.
T55,RB1,13,-1.0509,0.9653339344023155,kooi et al.
T57,MYCN,2,0.5721,2.9733720601653935,kooi et al.
T58,RB1,13,-4.9716,0.0637425259184391,kooi et al.
T60,MYCN,2,0.5166,2.861159648166135,kooi et al.
T64,MYCN,2,0.81,3.5064228852641404,kooi et al.
T65,MYCN,2,0.4793,2.788134193305114,kooi et al.
T66,RB1,13,-4.6394,0.08024748564977224,kooi et al.
T67,MYCN,2,0.5585,2.945474371089402,kooi et al.
T67,BCOR,X,-3.0456,0.24222169611171793,kooi et al.
T68,MYCN,2,0.9973,3.99252101108699,kooi et al.
T71,MYCN,2,0.5231,2.874079562198509,kooi et al.
T72,MYCN,2,4.6768,51.15488107866687,kooi et al.
14.CL,MYCN,2,0.5797,2.989076871578599,stachelek et al.
14.CL,RB1,13,-4.5974,0.08261800307123499,stachelek et al.
14.CL,BCOR,X,-4.0411,0.12148920221601459,stachelek et al.
14.T,MYCN,2,0.3895,2.6198786696008516,stachelek et al.
14.T,RB1,13,-2.7337,0.300679830337176,stachelek et al.
14.T,BCOR,X,-1.9091,0.5325171891386067,stachelek et al.
20.CL,MYCN,2,1.1263,4.365963290376018,stachelek et al.
24.CL,MYCN,2,5.2192,74.50162560422613,stachelek et al.
24.CL,RB1,13,-0.9059,1.0673993219588978,stachelek et al.
24.T,MYCN,2,4.6904,51.63938808407808,stachelek et al.
24.T,BCOR,X,-0.2716,1.6568006216656512,stachelek et al.
28.CL,BCOR,X,-0.0823,1.8891012135944858,stachelek et al.
28.T,MYCN,2,0.631,3.097276111412882,stachelek et al.
29.T,BCOR,X,-0.1634,1.7858364970451872,stachelek et al.
31.CL,RB1,13,-0.9956,1.0030545031113076,stachelek et al.
31.CL,BCOR,X,-3.504,0.1762872450605487,stachelek et al.
31.T,RB1,13,-0.8616,1.100683741396716,stachelek et al.
31.T,BCOR,X,-0.0939,1.8739727831382835,stachelek et al.
31.T,BCOR,X,-2.6868,0.3106151278615516,stachelek et al.
41.CL,MYCN,2,0.9645,3.9027742102202767,stachelek et al.
43.CL,MYCN,2,0.7634,3.39497276266506,stachelek et al.
43.CL,RB1,13,-0.0858,1.8845237801709365,stachelek et al.
43.CL,BCOR,X,-0.1769,1.7692034982547489,stachelek et al.
46.CL,MYCN,2,0.8138,3.515670834397966,stachelek et al.
46.T,MYCN,2,0.5596,2.947721039461382,stachelek et al.
48.CL,MYCN,2,0.9622,3.8965572142618323,stachelek et al.
48.T,MYCN,2,0.6865,3.2187488238188764,stachelek et al.
49.CL,MYCN,2,0.613,3.0588725557655354,stachelek et al.
49.CL,RB1,13,-1.0009,0.9993763620805106,stachelek et al.
49.CL,RB1,13,-4.8915,0.06738167022635048,stachelek et al.
49.T,RB1,13,-0.8774,1.0886951231048627,stachelek et al.
49.T,RB1,13,-3.5857,0.1665814891820643,stachelek et al.
33.CL,MYCN,2,0.7526,3.369652922314817,stachelek et al.
33.T,MYCN,2,0.8975,3.725670274518813,stachelek et al.
43.CL,MYCN,2,0.7659,3.4008609023722296,stachelek et al.
43.CL,RB1,13,-0.083,1.8881848383004998,stachelek et al.
43.CL,BCOR,X,-0.1677,1.7805216770862151,stachelek et al.
43.T,MYCN,2,0.3988,2.636821662545977,stachelek et al.
43.T,BCOR,X,-0.1694,1.7784248346495217,stachelek et al.
167.CL,MYCN,2,0.9796,3.9438372025181434,stachelek et al.
167.CL,BCOR,X,-0.9835,1.011502580191683,stachelek et al.
173.CL,MYCN,2,4.7821,55.0282292535589,stachelek et al.
173.CL,BCOR,X,-0.9366,1.0449254375533112,stachelek et al.
192.CL,BCOR,X,-0.1213,1.8387177019494891,stachelek et al.
193.CL,MYCN,2,0.8361,3.57043536103536,stachelek et al.
194.CL,MYCN,2,0.5778,2.985142909229942,stachelek et al.
196.CL,MYCN,2,1.5965,6.048175487967355,stachelek et al.
196.CL,BCOR,X,-0.9719,1.0196683585735187,stachelek et al.
203.CL,MYCN,2,0.5497,2.9275625590717116,stachelek et al.
203.CL,BCOR,X,-0.9803,1.013748654764319,stachelek et al.
204.CL,RB1,13,-0.876,1.0897521122133282,stachelek et al.
215.CL,RB1,13,-0.0868,1.883217980433997,stachelek et al.
215.CL,BCOR,X,-1.0778,0.947501413081701,stachelek et al.
222.CL,MYCN,2,0.5834,2.996752629929611,stachelek et al.
222.CL,RB1,13,-0.9108,1.063780133911841,stachelek et al.
222.CL,BCOR,X,-0.964,1.0252672378885939,stachelek et al.
223.CL,MYCN,2,4.2214,37.30766078642714,stachelek et al.
224.CL,MYCN,2,0.5321,2.8920650448173295,stachelek et al.
224.CL,RB1,13,-0.9764,1.0164928025701183,stachelek et al.
224.CL,RB1,13,-4.9182,0.06614610424693178,stachelek et al.
224.CL,BCOR,X,-0.9876,1.0086320683199035,stachelek et al.
229.CL,MYCN,2,0.5472,2.922493872687841,stachelek et al.
292.CL,RB1,13,-0.9754,1.0171976259352238,stachelek et al.
