sample,gene,chromosome,seg_mean,copy_number,author,Consequence
SJRB009,MYCN,2,0.862,3.64,McEvoy et al.,NA
SJRB031,MYCN,2,0.85,3.61,McEvoy et al.,NA
SJRB032,MYCN,2,0.84,3.57,McEvoy et al.,NA
UPEN-RB-11,BCOR,X,-0.0889695805,1.880388053,McEvoy et al.,NA
UPEN-RB-25,BCOR,X,-0.2520157798,1.6794446164,McEvoy et al.,NA
UPEN-RB-33,BCOR,X,-0.3566812318,1.561918058,McEvoy et al.,NA
UPEN-RB-47,BCOR,X,-0.1231367854,1.8363782049,McEvoy et al.,NA
T11,MYCN,2,5.0538,66.4317032868133,Kooi et al.,NA
T7,MYCN,2,2.9919,15.910419834284532,Kooi et al.,NA
T14,MYCN,2,6.3104,158.72658784663895,Kooi et al.,NA
T20,MYCN,2,1.0854,4.243927468911153,Kooi et al.,NA
T21,MYCN,2,4.4321,43.174273607759105,Kooi et al.,NA
T22,MYCN,2,0.5889,3.0081989830863476,Kooi et al.,NA
T22,BCOR,X,-3.6747,0.15661561874452992,Kooi et al.,NA
T24,MYCN,2,4.1646,35.86736857201812,Kooi et al.,NA
T28,MYCN,2,0.7696,3.409594095793992,Kooi et al.,NA
T38,MYCN,2,0.7408,3.3422044756486557,Kooi et al.,NA
T52,MYCN,2,0.6187,3.070981880274223,Kooi et al.,NA
T55,MYCN,2,0.8274,3.5489690673733527,Kooi et al.,NA
T64,MYCN,2,0.81,3.5064228852641404,Kooi et al.,NA
T67,BCOR,X,-3.0456,0.24222169611171793,Kooi et al.,NA
T68,MYCN,2,0.9973,3.99252101108699,Kooi et al.,NA
T72,MYCN,2,4.6768,51.15488107866687,Kooi et al.,NA
RB23,MYCN,2,NA,NA,Afshar et al.,Copy Number Gain
RB24,MYCN,2,NA,NA,Afshar et al.,Copy Number Gain
RB27,MYCN,2,NA,NA,Afshar et al.,Copy Number Gain
14.CL,BCOR,X,-4.0411,0.12148920221601459,Stachelek et al.,NA
14.T,BCOR,X,-1.9091,0.5325171891386067,Stachelek et al.,NA
20.CL,MYCN,2,1.1263,4.365963290376018,Stachelek et al.,NA
24.CL,MYCN,2,5.2192,74.50162560422613,Stachelek et al.,NA
24.T,MYCN,2,4.6904,51.63938808407808,Stachelek et al.,NA
28.T,MYCN,2,0.631,3.097276111412882,Stachelek et al.,NA
31.CL,BCOR,X,-3.504,0.1762872450605487,Stachelek et al.,NA
31.T,BCOR,X,-2.6868,0.3106151278615516,Stachelek et al.,NA
41.CL,MYCN,2,0.9645,3.9027742102202767,Stachelek et al.,NA
43.CL,MYCN,2,0.7634,3.39497276266506,Stachelek et al.,NA
46.CL,MYCN,2,0.8138,3.515670834397966,Stachelek et al.,NA
48.CL,MYCN,2,0.9622,3.8965572142618323,Stachelek et al.,NA
48.T,MYCN,2,0.6865,3.2187488238188764,Stachelek et al.,NA
49.CL,MYCN,2,0.613,3.0588725557655354,Stachelek et al.,NA
33.CL,MYCN,2,0.7526,3.369652922314817,Stachelek et al.,NA
33.T,MYCN,2,0.8975,3.725670274518813,Stachelek et al.,NA
43.CL,MYCN,2,0.7659,3.4008609023722296,Stachelek et al.,NA
167.CL,MYCN,2,0.9796,3.9438372025181434,Stachelek et al.,NA
167.CL,BCOR,X,-0.9835,1.011502580191683,Stachelek et al.,NA
173.CL,MYCN,2,4.7821,55.0282292535589,Stachelek et al.,NA
173.CL,BCOR,X,-0.9366,1.0449254375533112,Stachelek et al.,NA
193.CL,MYCN,2,0.8361,3.57043536103536,Stachelek et al.,NA
196.CL,MYCN,2,1.5965,6.048175487967355,Stachelek et al.,NA
196.CL,BCOR,X,-0.9719,1.0196683585735187,Stachelek et al.,NA
203.CL,BCOR,X,-0.9803,1.013748654764319,Stachelek et al.,NA
215.CL,BCOR,X,-1.0778,0.947501413081701,Stachelek et al.,NA
222.CL,BCOR,X,-0.964,1.0252672378885939,Stachelek et al.,NA
223.CL,MYCN,2,4.2214,37.30766078642714,Stachelek et al.,NA
224.CL,BCOR,X,-0.9876,1.0086320683199035,Stachelek et al.,NA
