sample,chr,start,end,ref,alt,gene,HGVSc,VAF,recurrence,counts,Consequence,HGVSp,naive_alt_depth,naive_read_depth,verified
24-CL,chr10,71139685,71139685,G,T,HK1,ENST00000404387.2:c.1111G>T,0.07251908396946564,24-CL,1,missense_variant,ENSP00000384774.2:p.Asp371Tyr,19,262,NA
24-T,chr10,71139685,71139685,G,T,HK1,ENST00000404387.2:c.1111G>T,0.0022123893805309734,24-CL,1,missense_variant,ENSP00000384774.2:p.Asp371Tyr,1,452,circled
29-CL,chrX,140995001,140995001,A,G,MAGEC1,ENST00000285879.4:c.1811A>G,0.02127659574468085,29-T;31-CL,2,missense_variant,ENSP00000285879.4:p.Asp604Gly,1,47,circled
29-T,chrX,140995001,140995001,A,G,MAGEC1,ENST00000285879.4:c.1811A>G,0.07446808510638298,29-T;31-CL,2,missense_variant,ENSP00000285879.4:p.Asp604Gly,7,94,NA
43-CL,chr20,50408435,50408435,C,T,SALL4,ENST00000217086.4:c.587G>A,0.07894736842105263,43-CL,1,missense_variant,ENSP00000217086.4:p.Arg196Gln,21,266,NA
43-T,chr20,50408435,50408435,C,T,SALL4,ENST00000217086.4:c.587G>A,0.02097902097902098,43-CL,1,missense_variant,ENSP00000217086.4:p.Arg196Gln,3,143,circled
43-CL,chr7,92735224,92735224,G,A,SAMD9,ENST00000379958.2:c.187C>T,0.07973421926910298,43-CL,1,missense_variant,ENSP00000369292.2:p.Pro63Ser,24,301,NA
43-T,chr7,92735224,92735224,G,A,SAMD9,ENST00000379958.2:c.187C>T,0.016736401673640166,43-CL,1,missense_variant,ENSP00000369292.2:p.Pro63Ser,4,239,circled
49-T,chr12,7045056,7045056,C,T,ATN1,ENST00000356654.4:c.626C>T,0.08,49-T,1,missense_variant,ENSP00000349076.3:p.Pro209Leu,14,175,NA
24-CL,chr6,36887378,36887378,A,G,C6orf89,ENST00000355190.3:c.871A>G,0.08181818181818182,24-CL,1,missense_variant,ENSP00000347322.3:p.Ile291Val,9,110,NA
43-CL,chr11,108235819,108235819,A,G,ATM,ENST00000278616.4:c.8861A>G,0.08496732026143791,43-CL,1,missense_variant,ENSP00000278616.4:p.Tyr2954Cys,13,153,NA
49-CL,chr4,126371267,126371267,T,A,FAT4,ENST00000394329.3:c.9096T>A,0.09022556390977443,49-CL,1,missense_variant,ENSP00000377862.3:p.Phe3032Leu,12,133,NA
41-CL,chr15,38643344,38643344,G,T,SPRED1,ENST00000299084.4:c.814G>T,0.0903954802259887,41-CL,1,stop_gained,ENSP00000299084.4:p.Glu272Ter,16,177,NA
41-CL,chr6,153043063,153043063,A,C,MYCT1,ENST00000367245.5:c.383A>C,0.0916030534351145,41-CL,1,missense_variant,ENSP00000356214.5:p.His128Pro,12,131,NA
20-CL,chr3,51418782,51418782,T,A,MANF,NA,0.09574468085106383,20-CL,1,upstream_gene_variant,NA,9,94,NA
20-T,chr3,51418782,51418782,T,A,MANF,NA,0.006024096385542169,20-CL,1,upstream_gene_variant,NA,1,166,circled
20-CL,chr17,10408578,10408578,C,G,MYH1,ENST00000226207.5:c.2337G>C,0.01694915254237288,20-T,1,missense_variant,ENSP00000226207.5:p.Glu779Asp,1,59,circled
20-T,chr17,10408578,10408578,C,G,MYH1,ENST00000226207.5:c.2337G>C,0.09774436090225563,20-T,1,missense_variant,ENSP00000226207.5:p.Glu779Asp,13,133,NA
20-CL,chr7,100371075,100371075,G,T,ZAN,ENST00000546292.1:c.5593G>T,0.09876543209876543,20-CL,1,missense_variant,ENSP00000445943.1:p.Gly1865Cys,8,81,NA
20-CL,chr17,26669276,26669276,C,G,POLDIP2,NA,0.10526315789473684,20-CL,1,downstream_gene_variant,NA,6,57,NA
24-CL,chr18,12697342,12697342,G,T,CEP76,ENST00000262127.2:c.586C>A,0.11442786069651742,24-CL,1,missense_variant,ENSP00000262127.2:p.Leu196Ile,23,201,NA
20-T,chr19,46973307,46973307,G,A,PNMAL1,ENST00000313683.10:c.986C>T,0.12598425196850394,20-T,1,missense_variant,ENSP00000318131.10:p.Pro329Leu,16,127,NA
43-CL,chr6,31935054,31935054,G,A,STK19,NA,0.13157894736842105,43-CL,1,upstream_gene_variant,NA,50,380,NA
43-T,chr6,31935054,31935054,G,A,STK19,NA,0.006493506493506494,43-CL,1,upstream_gene_variant,NA,1,154,circled
31-T,chr2,21365669,21365669,C,G,TDRD15,ENST00000405799.1:c.5330C>G,0.13636363636363635,31-T,1,missense_variant,ENSP00000384376.1:p.Pro1777Arg,21,154,NA
43-CL,chr1,179989480,179989480,G,A,CEP350,ENST00000367607.3:c.2571G>A,0.13740458015267176,43-CL,1,stop_gained,ENSP00000356579.3:p.Trp857Ter,72,524,NA
24-T,chr4,164061489,164061489,C,T,NAF1,ENST00000274054.2:c.764G>A,0.13768115942028986,24-T,1,missense_variant,ENSP00000274054.2:p.Arg255Gln,19,138,NA
20-T,chr16,15832478,15832478,G,A,AF001548.6,NA,0.14418604651162792,20-T,1,upstream_gene_variant,NA,31,215,NA
20-CL,chr22,35713901,35713901,G,C,TOM1,ENST00000411850.1:c.84G>C,0.16568047337278108,20-CL,1,missense_variant,ENSP00000413697.1:p.Glu28Asp,28,169,NA
29-CL,chr2,219603479,219603479,G,T,TTLL4,ENST00000392102.1:c.1080G>T,0.17842323651452283,29-CL,1,missense_variant,ENSP00000375951.1:p.Gln360His,43,241,NA
29-T,chr2,219603479,219603479,G,T,TTLL4,ENST00000392102.1:c.1080G>T,0.014285714285714285,29-CL,1,missense_variant,ENSP00000375951.1:p.Gln360His,7,490,circled
43-T,chr10,111630550,111630550,G,A,U4,NA,0.19736842105263158,43-T,1,downstream_gene_variant,NA,15,76,NA
28-T,chrX,39921622,39921622,G,+CTTTCTGAAT,BCOR,ENST00000378444.4:c.4188_4197dup,0.2052980132450331,33-CL;28-T;33-T,3,frameshift_variant,ENSP00000367705.4:p.Arg1400IlefsTer12,31,151,NA
46-CL,chr7,141464292,141464292,G,A,TAS2R3,ENST00000247879.2:c.334G>A,0.21285140562248997,46-CL,1,missense_variant,ENSP00000247879.2:p.Ala112Thr,53,249,NA
46-T,chr10,7791173,7791173,C,T,ITIH2,ENST00000358415.4:c.2717C>T,0.21693121693121692,46-T,1,missense_variant,ENSP00000351190.4:p.Thr906Met,41,189,NA
28-T,chr3,26751384,26751384,A,G,LRRC3B,ENST00000396641.2:c.221A>G,0.23251417769376181,28-T,1,missense_variant,ENSP00000379880.2:p.Asn74Ser,123,529,NA
46-CL,chr9,139909898,139909898,A,G,ABCA2,ENST00000341511.6:c.3665T>C,0.23333333333333334,46-CL,1,missense_variant,ENSP00000344155.6:p.Val1222Ala,7,30,NA
46-CL,chr11,66411490,66411490,G,C,RBM14-RBM4,ENST00000412278.2:c.907G>C,0.23711340206185566,46-CL,1,missense_variant,ENSP00000388552.2:p.Gly303Arg,46,194,NA
28-CL,chr3,14106370,14106370,C,A,TPRXL,ENST00000424053.1:c.694C>A,0.2413793103448276,28-CL,1,missense_variant,ENSP00000400448.1:p.Pro232Thr,14,58,NA
43-CL,chr6,7565622,7565622,C,T,DSP,ENST00000379802.3:c.808C>T,0.25,43-CL;43-T,2,stop_gained,ENSP00000369129.3:p.Arg270Ter,72,288,NA
43-T,chr6,7565622,7565622,C,T,DSP,ENST00000379802.3:c.808C>T,0.18229166666666666,43-CL;43-T,2,stop_gained,ENSP00000369129.3:p.Arg270Ter,35,192,NA
41-CL,chr7,40117606,40117606,G,A,CDK13,ENST00000181839.4:c.2783G>A,0.2508833922261484,41-CL,1,missense_variant&splice_region_variant,ENSP00000181839.4:p.Arg928Gln,71,283,NA
48-T,chr22,43459883,43459883,G,A,TTLL1,ENST00000266254.7:c.683C>T,0.25547445255474455,48-T,1,missense_variant,ENSP00000266254.7:p.Pro228Leu,70,274,NA
43-CL,chr19,21132219,21132219,C,T,ZNF85,ENST00000328178.8:c.899C>T,0.25806451612903225,43-CL,1,missense_variant,ENSP00000329793.7:p.Thr300Ile,8,31,NA
14-CL,chr1,22986080,22986080,C,A,C1QB,ENST00000314933.6:c.131C>A,0.2641509433962264,14-CL,1,missense_variant,ENSP00000313967.6:p.Pro44His,28,106,NA
14-T,chr1,22986080,22986080,C,A,C1QB,ENST00000314933.6:c.131C>A,0.020833333333333332,14-CL,1,missense_variant,ENSP00000313967.6:p.Pro44His,5,240,circled
29-CL,chrX,153070273,153070273,C,T,PDZD4,ENST00000164640.4:c.845G>A,0.07058823529411765,29-CL;29-T,2,missense_variant,ENSP00000164640.4:p.Arg282Gln,12,170,NA
29-T,chrX,153070273,153070273,C,T,PDZD4,ENST00000164640.4:c.845G>A,0.26479750778816197,29-CL;29-T,2,missense_variant,ENSP00000164640.4:p.Arg282Gln,85,321,NA
29-CL,chr19,47422199,47422199,T,G,ARHGAP35,ENST00000404338.3:c.267T>G,0.12101910828025478,29-CL;29-T,2,missense_variant,ENSP00000385720.2:p.Cys89Trp,19,157,NA
29-T,chr19,47422199,47422199,T,G,ARHGAP35,ENST00000404338.3:c.267T>G,0.29152542372881357,29-CL;29-T,2,missense_variant,ENSP00000385720.2:p.Cys89Trp,86,295,NA
33-CL,chrX,39932333,39932333,C,A,BCOR,ENST00000378444.4:c.2266G>T,0.20192307692307693,33-CL;28-T;33-T,3,stop_gained,ENSP00000367705.4:p.Glu756Ter,21,104,NA
33-T,chrX,39932333,39932333,C,A,BCOR,ENST00000378444.4:c.2266G>T,0.2919254658385093,33-CL;28-T;33-T,3,stop_gained,ENSP00000367705.4:p.Glu756Ter,47,161,NA
20-CL,chr10,94695592,94695592,C,T,EXOC6,ENST00000260762.6:c.1162C>T,0.3064516129032258,20-CL,1,missense_variant,ENSP00000260762.6:p.Leu388Phe,38,124,NA
48-CL,chr3,101284722,101284722,A,T,TRMT10C,ENST00000309922.6:c.1097A>T,0.3258426966292135,48-CL;48-T,2,missense_variant,ENSP00000312356.6:p.Asn366Ile,58,178,NA
48-T,chr3,101284722,101284722,A,T,TRMT10C,ENST00000309922.6:c.1097A>T,0.3049645390070922,48-CL;48-T,2,missense_variant,ENSP00000312356.6:p.Asn366Ile,86,282,NA
48-T,chr17,4722104,4722104,G,A,PLD2,ENST00000263088.6:c.2159G>A,0.33076923076923076,48-T,1,missense_variant,ENSP00000263088.5:p.Arg720His,86,260,NA
46-CL,chr6,118812875,118812875,C,T,CEP85L,ENST00000368488.5:c.1420G>A,0.38235294117647056,46-CL,1,missense_variant,ENSP00000357474.5:p.Glu474Lys,13,34,NA
43-CL,chr4,70823173,70823173,G,A,CSN2,ENST00000353151.3:c.494C>T,0.3888888888888889,43-CL,1,missense_variant,ENSP00000341030.3:p.Pro165Leu,63,162,NA
43-T,chr4,70823173,70823173,G,A,CSN2,ENST00000353151.3:c.494C>T,0.14606741573033707,43-CL,1,missense_variant,ENSP00000341030.3:p.Pro165Leu,13,89,circled
28-CL,chr17,27943969,27943969,T,C,RP11-68I3.10,NA,0.00823045267489712,28-T,1,downstream_gene_variant,NA,2,243,circled
28-T,chr17,27943969,27943969,T,C,RP11-68I3.10,NA,0.3903966597077244,28-T,1,downstream_gene_variant,NA,187,479,NA
41-CL,chr11,119212409,119212409,G,A,RP11-334E6.10,NA,0.3939393939393939,41-CL,1,upstream_gene_variant,NA,39,99,NA
46-CL,chr10,12001289,12001289,C,G,UPF2,ENST00000356352.2:c.2251G>C,0.4098360655737705,46-CL,1,missense_variant,ENSP00000348708.2:p.Ala751Pro,75,183,NA
46-T,chr10,12001289,12001289,C,G,UPF2,ENST00000356352.2:c.2251G>C,0.03333333333333333,46-CL,1,missense_variant,ENSP00000348708.2:p.Ala751Pro,12,360,circled
49-CL,chr19,35831832,35831832,G,A,CD22,ENST00000085219.5:c.1298G>A,0.4291044776119403,49-CL,1,missense_variant,ENSP00000085219.4:p.Arg433Gln,115,268,NA
49-T,chr19,35831832,35831832,G,A,CD22,ENST00000085219.5:c.1298G>A,0.0025188916876574307,49-CL,1,missense_variant,ENSP00000085219.4:p.Arg433Gln,1,397,circled
46-CL,chr3,174951845,174951845,C,T,NAALADL2,ENST00000454872.1:c.670C>T,0.4461538461538462,46-CL,1,missense_variant,ENSP00000404705.1:p.Pro224Ser,58,130,NA
46-T,chr3,174951845,174951845,C,T,NAALADL2,ENST00000454872.1:c.670C>T,0.025925925925925925,46-CL,1,missense_variant,ENSP00000404705.1:p.Pro224Ser,7,270,circled
49-CL,chr6,162864401,162864401,C,T,PARK2,ENST00000366898.1:c.112G>A,0.45161290322580644,49-CL,1,missense_variant,ENSP00000355865.1:p.Ala38Thr,14,31,NA
43-CL,chr1,158911894,158911894,G,C,PYHIN1,ENST00000368140.1:c.707G>C,0.46107784431137727,43-CL;43-T,2,missense_variant,ENSP00000357122.1:p.Arg236Thr,77,167,NA
43-T,chr1,158911894,158911894,G,C,PYHIN1,ENST00000368140.1:c.707G>C,0.13875598086124402,43-CL;43-T,2,missense_variant,ENSP00000357122.1:p.Arg236Thr,29,209,NA
46-CL,chr17,650450,650450,G,C,GEMIN4,ENST00000319004.5:c.833C>G,0.47520661157024796,46-T;46-CL,1,missense_variant,ENSP00000321706.5:p.Ser278Trp,115,242,NA
46-T,chr17,650450,650450,G,C,GEMIN4,ENST00000319004.5:c.833C>G,0.028925619834710745,46-T;46-CL,1,missense_variant,ENSP00000321706.5:p.Ser278Trp,14,484,NA
29-CL,chr3,46539618,46539618,G,T,RTP3,ENST00000296142.3:c.66G>T,0.4766355140186916,29-CL;29-T,2,missense_variant,ENSP00000296142.3:p.Trp22Cys,51,107,NA
29-T,chr3,46539618,46539618,G,T,RTP3,ENST00000296142.3:c.66G>T,0.4666666666666667,29-CL;29-T,2,missense_variant,ENSP00000296142.3:p.Trp22Cys,98,210,NA
31-CL,chr9,130716088,130716088,C,T,FAM102A,ENST00000373095.1:c.263G>A,0.49056603773584906,31-CL;31-T,2,missense_variant,ENSP00000362187.1:p.Arg88His,52,106,NA
31-T,chr9,130716088,130716088,C,T,FAM102A,ENST00000373095.1:c.263G>A,0.42857142857142855,31-CL;31-T,2,missense_variant,ENSP00000362187.1:p.Arg88His,57,133,NA
49-CL,chr1,1916925,1916925,C,T,C1orf222,NA,0.49230769230769234,49-CL,1,downstream_gene_variant,NA,32,65,NA
49-T,chr1,1916925,1916925,C,T,C1orf222,NA,0.016666666666666666,49-CL,1,downstream_gene_variant,NA,2,120,circled
29-CL,chr12,56716970,56716970,C,G,PAN2,ENST00000425394.2:c.2381G>C,0.5072463768115942,29-CL;29-T,2,missense_variant,ENSP00000401721.2:p.Gly794Ala,35,69,NA
29-T,chr12,56716970,56716970,C,G,PAN2,ENST00000425394.2:c.2381G>C,0.30177514792899407,29-CL;29-T,2,missense_variant,ENSP00000401721.2:p.Gly794Ala,51,169,NA
28-CL,chr22,21067573,21067573,C,T,PI4KA,ENST00000255882.6:c.5567G>A,0.5217391304347826,28-CL;28-T,2,missense_variant,ENSP00000255882.6:p.Arg1856Gln,12,23,NA
28-T,chr22,21067573,21067573,C,T,PI4KA,ENST00000255882.6:c.5567G>A,0.3269230769230769,28-CL;28-T,2,missense_variant,ENSP00000255882.6:p.Arg1856Gln,17,52,NA
48-CL,chr11,87030389,87030389,G,A,RP11-777F6.3,ENST00000305494.5:c.1214G>A,0.7105263157894737,48-CL,1,stop_gained,ENSP00000306344.5:p.Trp405Ter,81,114,NA
48-T,chr11,87030389,87030389,G,A,RP11-777F6.3,ENST00000305494.5:c.1214G>A,0.525,48-CL,1,stop_gained,ENSP00000306344.5:p.Trp405Ter,84,160,NA
28-CL,chr16,67267655,67267655,C,T,SLC9A5,NA,0.9558823529411765,28-CL,1,upstream_gene_variant,NA,65,68,NA
28-T,chr16,67267655,67267655,C,T,SLC9A5,NA,0.02197802197802198,28-CL,1,upstream_gene_variant,NA,2,91,circled
14-CL,chr16,87426041,87426041,C,T,MAP1LC3B,ENST00000268607.5:c.8C>T,1,14-T,1,missense_variant,ENSP00000268607.5:p.Ser3Leu,11,11,circled
14-T,chr16,87426041,87426041,C,T,MAP1LC3B,ENST00000268607.5:c.8C>T,0.8076923076923077,14-T,1,missense_variant,ENSP00000268607.5:p.Ser3Leu,42,52,NA
