variant_set,geneSet,description,enrichmentRatio,pValue,FDR,mean_fdr
all_cl_t,GO:0000070,mitotic sister chromatid segregation,4.514306820980054,3.454076665621031e-5,0.07311773041743663,0.09603032781849197
all_t,GO:0000070,mitotic sister chromatid segregation,4.335587929240375,1.1039392121858782e-4,0.110756471012763,0.09603032781849197
prior_variants,GO:0000070,mitotic sister chromatid segregation,4.778781362007169,4.908332053366049e-5,0.08440843269010567,0.09603032781849197
verified_variants,GO:0000070,mitotic sister chromatid segregation,4.536817748740982,7.584214978051396e-5,0.11583867715366256,0.09603032781849197
all_cl_t,GO:0022618,ribonucleoprotein complex assembly,3.8551931529030767,1.812038823678641e-5,0.07311773041743663,0.09603032781849197
all_t,GO:0022618,ribonucleoprotein complex assembly,3.78190895126379,4.412098325001779e-5,0.110756471012763,0.09603032781849197
prior_variants,GO:0022618,ribonucleoprotein complex assembly,3.8478499278499276,7.356946330938641e-5,0.08440843269010567,0.09603032781849197
verified_variants,GO:0022618,ribonucleoprotein complex assembly,3.65302208340183,1.2049922320112039e-4,0.11583867715366256,0.09603032781849197
all_cl_t,GO:0071826,ribonucleoprotein complex subunit organization,3.634896401308615,3.478483844787661e-5,0.07311773041743663,0.09872350279427217
all_t,GO:0071826,ribonucleoprotein complex subunit organization,3.5657998683344303,8.050891149635753e-5,0.110756471012763,0.09872350279427217
prior_variants,GO:0071826,ribonucleoprotein complex subunit organization,3.6279727891156464,1.285224119325079e-4,0.09143776916308129,0.09872350279427217
verified_variants,GO:0071826,ribonucleoprotein complex subunit organization,3.444277964350297,2.0859537685091745e-4,0.11958204058380777,0.09872350279427217
all_cl_t,GO:0009913,epidermal cell differentiation,2.9246292884092306,1.3125748178499652e-4,0.113013965139519,0.10600438649901256
all_t,GO:0009913,epidermal cell differentiation,3.089729328883945,6.904896935755467e-5,0.110756471012763,0.10600438649901256
prior_variants,GO:0009913,epidermal cell differentiation,3.19272030651341,8.031249542350682e-5,0.08440843269010567,0.10600438649901256
verified_variants,GO:0009913,epidermal cell differentiation,3.233134487608516,4.014306400912382e-5,0.11583867715366256,0.10600438649901256
all_cl_t,GO:0035335,peptidyl-tyrosine dephosphorylation,5.0888549618320615,1.7921656381147955e-4,0.113013965139519,0.10600438649901256
all_t,GO:0035335,peptidyl-tyrosine dephosphorylation,5.376129032258064,1.229456544702412e-4,0.110756471012763,0.10600438649901256
prior_variants,GO:0035335,peptidyl-tyrosine dephosphorylation,5.925688888888889,6.24346268787157e-5,0.08440843269010567,0.10600438649901256
verified_variants,GO:0035335,peptidyl-tyrosine dephosphorylation,5.6256540084388185,8.978168487638882e-5,0.11583867715366256,0.10600438649901256
all_cl_t,GO:0022613,ribonucleoprotein complex biogenesis,2.7468251214434423,7.174819383659603e-5,0.113013965139519,0.10869756147479276
all_t,GO:0022613,ribonucleoprotein complex biogenesis,2.749156891495601,1.0939539559706724e-4,0.110756471012763,0.10869756147479276
prior_variants,GO:0022613,ribonucleoprotein complex biogenesis,2.861838383838384,1.0378564437030224e-4,0.09143776916308129,0.10869756147479276
verified_variants,GO:0022613,ribonucleoprotein complex biogenesis,2.716935174530111,1.942667464673864e-4,0.11958204058380777,0.10869756147479276
all_cl_t,GO:1902850,microtubule cytoskeleton organization involved in mitosis,4.337092297015961,2.4121690665723783e-4,0.1382830739436856,0.11619856697029521
all_t,GO:1902850,microtubule cytoskeleton organization involved in mitosis,4.581928152492669,1.601827898429775e-4,0.12626408409372702,0.11619856697029521
prior_variants,GO:1902850,microtubule cytoskeleton organization involved in mitosis,5.050303030303031,7.653173587796047e-5,0.08440843269010567,0.11619856697029521
verified_variants,GO:1902850,microtubule cytoskeleton organization involved in mitosis,4.7945914844649025,1.1375445753125657e-4,0.11583867715366256,0.11619856697029521
all_cl_t,GO:0006470,protein dephosphorylation,2.910292870328793,3.614041457929984e-4,0.15416233684252373,0.12474834387962262
all_t,GO:0006470,protein dephosphorylation,3.074583596879612,2.0635194409923674e-4,0.14458392883219853,0.12474834387962262
prior_variants,GO:0006470,protein dephosphorylation,3.388874364560639,7.401235373627468e-5,0.08440843269010567,0.12474834387962262
verified_variants,GO:0006470,protein dephosphorylation,3.217285789139847,1.2858717730346303e-4,0.11583867715366256,0.12474834387962262
all_cl_t,GO:0007052,mitotic spindle organization,4.5845540196685235,3.6670394110971394e-4,0.15416233684252373,0.12764072117090267
all_t,GO:0007052,mitotic spindle organization,4.843359488520779,2.53597862200472e-4,0.14538073809419785,0.12764072117090267
prior_variants,GO:0007052,mitotic spindle organization,5.338458458458459,1.3050109775891716e-4,0.09143776916308129,0.12764072117090267
verified_variants,GO:0007052,mitotic spindle organization,5.068156764359296,1.8636782245828876e-4,0.11958204058380777,0.12764072117090267
all_cl_t,GO:0033962,cytoplasmic mRNA processing body assembly,12.116321337695384,2.893596038431312e-4,0.15205847181956544,0.1297337602684857
all_t,GO:0033962,cytoplasmic mRNA processing body assembly,12.80030721966206,2.34669113819308e-4,0.14538073809419785,0.1297337602684857
prior_variants,GO:0033962,cytoplasmic mRNA processing body assembly,14.108783068783069,1.6161400345127142e-4,0.10191379057637176,0.1297337602684857
verified_variants,GO:0033962,cytoplasmic mRNA processing body assembly,13.394414305806711,1.97271717095715e-4,0.11958204058380777,0.1297337602684857
all_cl_t,GO:1902117,positive regulation of organelle assembly,6.184372349448685,1.350401705030313e-4,0.113013965139519,0.13597001763623778
all_t,GO:1902117,positive regulation of organelle assembly,6.533490143369176,9.600102877271866e-5,0.110756471012763,0.13597001763623778
prior_variants,GO:1902117,positive regulation of organelle assembly,6.172592592592593,4.211104415012823e-4,0.20427095723900662,0.13597001763623778
verified_variants,GO:1902117,positive regulation of organelle assembly,6.836732301922175,7.226499477086534e-5,0.11583867715366256,0.13597001763623778
all_cl_t,GO:0000819,sister chromatid segregation,3.7822570662265322,1.6989024180524837e-4,0.113013965139519,0.1447007560326574
all_t,GO:0000819,sister chromatid segregation,3.632519616390584,4.616350259630808e-4,0.20801127066383723,0.1447007560326574
prior_variants,GO:0000819,sister chromatid segregation,4.0038438438438435,2.1295431003443e-4,0.1220808980979196,0.1447007560326574
verified_variants,GO:0000819,sister chromatid segregation,3.801117573269472,3.227804239518406e-4,0.13569689022935377,0.1447007560326574
all_cl_t,GO:0010603,regulation of cytoplasmic mRNA processing body assembly,19.083206106870232,4.247294558825665e-4,0.16739649679971652,0.15896610169476166
all_t,GO:0010603,regulation of cytoplasmic mRNA processing body assembly,20.160483870967745,3.615845285717123e-4,0.19001266976443482,0.15896610169476166
prior_variants,GO:0010603,regulation of cytoplasmic mRNA processing body assembly,22.221333333333337,2.7166194098104945e-4,0.1427583499855415,0.15896610169476166
verified_variants,GO:0010603,regulation of cytoplasmic mRNA processing body assembly,21.09620253164557,3.164968165307869e-4,0.13569689022935377,0.15896610169476166
all_cl_t,GO:0008544,epidermis development,2.376663031624864,8.997903429108778e-4,0.2632549692195812,0.20502255256116764
all_t,GO:0008544,epidermis development,2.5108294930875577,4.8566446346742786e-4,0.20801127066383723,0.20502255256116764
prior_variants,GO:0008544,epidermis development,2.6046984126984127,4.731651001976811e-4,0.21312708013189838,0.20502255256116764
verified_variants,GO:0008544,epidermis development,2.627365883062086,2.874362048017609e-4,0.13569689022935377,0.20502255256116764
all_cl_t,GO:0030216,keratinocyte differentiation,2.803182817958339,8.257731434224702e-4,0.26036627212110486,0.21671444846517962
all_t,GO:0030216,keratinocyte differentiation,2.9614270092946966,4.947936980586043e-4,0.20801127066383723,0.21671444846517962
prior_variants,GO:0030216,keratinocyte differentiation,3.0130621468926555,6.944753775471879e-4,0.2627833608464227,0.21671444846517962
verified_variants,GO:0030216,keratinocyte differentiation,3.0988772080383327,3.2103821015860845e-4,0.13569689022935377,0.21671444846517962
all_cl_t,GO:0016570,histone modification,2.516466739367503,3.257341563482896e-4,0.15416233684252373,0.2452077546711746
prior_variants,GO:0016570,histone modification,2.441904761904762,0.0013544667744811445,0.33625317249982545,0.2452077546711746
all_cl_t,GO:0072331,signal transduction by p53 class mediator,3.2097135653757265,6.881382725372198e-4,0.2536183088340086,0.2536183088340086
all_cl_t,GO:0048285,organelle fission,2.355951371218547,9.901158350947847e-4,0.2632549692195812,0.2632549692195812
all_cl_t,GO:1901796,regulation of signal transduction by p53 class mediator,3.9448488076217534,9.941415047726165e-4,0.2632549692195812,0.2632549692195812
all_cl_t,GO:1902115,regulation of organelle assembly,3.652288250118704,1.2047632466494207e-4,0.113013965139519,0.26509016091579735
all_t,GO:1902115,regulation of organelle assembly,3.2153881771878376,0.0011812120450247487,0.39203806083821396,0.26509016091579735
verified_variants,GO:1902115,regulation of organelle assembly,3.364625603133265,8.375261116969623e-4,0.29021845676965913,0.26509016091579735
all_cl_t,GO:0046580,negative regulation of Ras protein signal transduction,6.490886430908242,0.0010019218619203851,0.2632549692195812,0.274545117402759
all_t,GO:0046580,negative regulation of Ras protein signal transduction,6.857307439104674,7.833905402807595e-4,0.30875379668815434,0.274545117402759
verified_variants,GO:0046580,negative regulation of Ras protein signal transduction,7.175579092396452,6.384436062176757e-4,0.25162658630054147,0.274545117402759
all_cl_t,GO:0044772,mitotic cell cycle phase transition,2.351113688731445,7.239342783083025e-4,0.2536183088340086,0.27989108183782313
prior_variants,GO:0044772,mitotic cell cycle phase transition,2.433547798311659,9.772390159229483e-4,0.30616385484163766,0.27989108183782313
all_cl_t,GO:0016569,covalent chromatin modification,2.5824851569126377,1.6028393001343844e-4,0.113013965139519,0.286389767896739
all_t,GO:0016569,covalent chromatin modification,2.2974910394265233,0.001783982404705453,0.44999172176290353,0.286389767896739
prior_variants,GO:0016569,covalent chromatin modification,2.5323456790123458,6.411735421683051e-4,0.2627833608464227,0.286389767896739
verified_variants,GO:0016569,covalent chromatin modification,2.4041256446319736,0.0011155947549061906,0.3197700238381108,0.286389767896739
all_cl_t,GO:0045838,positive regulation of membrane potential,13.630861504907307,0.0012296808112686186,0.2871987850318485,0.30196892278893883
all_t,GO:0045838,positive regulation of membrane potential,14.400345622119817,0.0010495007283762847,0.36767508850782504,0.30196892278893883
prior_variants,GO:0045838,positive regulation of membrane potential,15.872380952380952,7.917671830133255e-4,0.2627833608464227,0.30196892278893883
verified_variants,GO:0045838,positive regulation of membrane potential,15.068716094032549,9.204518134147133e-4,0.29021845676965913,0.30196892278893883
all_t,GO:0046831,regulation of RNA export from nucleus,14.400345622119817,0.0010495007283762847,0.36767508850782504,0.3068923020413023
prior_variants,GO:0046831,regulation of RNA export from nucleus,15.872380952380952,7.917671830133255e-4,0.2627833608464227,0.3068923020413023
verified_variants,GO:0046831,regulation of RNA export from nucleus,15.068716094032549,9.204518134147133e-4,0.29021845676965913,0.3068923020413023
all_cl_t,GO:0098813,nuclear chromosome segregation,2.958636605716315,8.163528707199053e-4,0.26036627212110486,0.3255717491176784
all_t,GO:0098813,nuclear chromosome segregation,2.8651850462615656,0.0017232747012407845,0.44999172176290353,0.3255717491176784
prior_variants,GO:0098813,nuclear chromosome segregation,3.158070628768303,7.868175294603041e-4,0.2627833608464227,0.3255717491176784
verified_variants,GO:0098813,nuclear chromosome segregation,2.998168318450921,0.0012004994862078178,0.32914564174028255,0.3255717491176784
prior_variants,GO:0051310,metaphase plate congression,6.172592592592593,0.001281202944214077,0.33625317249982545,0.33625317249982545
all_t,GO:0043588,skin development,2.4646068301916553,0.0012458575742299027,0.3928188931546883,0.3397635074747243
prior_variants,GO:0043588,skin development,2.535441456126053,0.0013718209531782266,0.33625317249982545,0.3397635074747243
verified_variants,GO:0043588,skin development,2.5789978645043483,7.880456761345522e-4,0.29021845676965913,0.3397635074747243
all_t,GO:0051058,negative regulation of small GTPase mediated signal transduction,6.109237536656892,0.0013295195617233357,0.39923573124892164,0.35950287754351623
verified_variants,GO:0051058,negative regulation of small GTPase mediated signal transduction,6.392788645953202,0.001087031540182637,0.3197700238381108,0.35950287754351623
all_t,GO:0000281,mitotic cytokinesis,4.743643263757116,0.0016767980870411314,0.44999172176290353,0.3686401727560309
prior_variants,GO:0000281,mitotic cytokinesis,5.2285490196078435,0.0010195751588446544,0.30616385484163766,0.3686401727560309
verified_variants,GO:0000281,mitotic cytokinesis,4.963812360387193,0.0013313167154824779,0.34976494166355154,0.3686401727560309
all_t,GO:0032239,regulation of nucleobase-containing compound transport,12.600302419354838,0.0015794886992163137,0.44999172176290353,0.3786699453087602
prior_variants,GO:0032239,regulation of nucleobase-containing compound transport,13.888333333333334,0.001194057568009388,0.33625317249982545,0.3786699453087602
verified_variants,GO:0032239,regulation of nucleobase-containing compound transport,13.18512658227848,0.0013866355124625418,0.34976494166355154,0.3786699453087602
