sample,gene,template_concentration_ng_ul,tm_forward,tm_reverse,product_size,pair,primer_name,QualitySCore,chr,primer_left_start,primer_left_end,primer_right_start,primer_right_end,primer_sequence_forward,primer_sequence_reverse,start,end,ref,alt,snp_offset
20-CL,MYH1,108.2,61.9963996234692,62.9431191750524,689,F,MYH1-20-T-F,7,chr17,10408506,10408528,10409174,10409194,CACTCTTGCCAAGAACCCTCTGC,CTGCAGATGCGGATGCCTTCC,10408578,10408578,C,G,104
20-CL,MYH1,108.2,61.9963996234692,62.9431191750524,689,R,MYH1-20-T-R,7,chr17,10408506,10408528,10409174,10409194,CACTCTTGCCAAGAACCCTCTGC,CTGCAGATGCGGATGCCTTCC,10408578,10408578,C,G,104
20-T,MYH1,21.3,61.9963996234692,62.9431191750524,689,F,MYH1-20-T-F,47,chr17,10408506,10408528,10409174,10409194,CACTCTTGCCAAGAACCCTCTGC,CTGCAGATGCGGATGCCTTCC,10408578,10408578,C,G,104
20-T,MYH1,21.3,61.9963996234692,62.9431191750524,689,R,MYH1-20-T-R,47,chr17,10408506,10408528,10409174,10409194,CACTCTTGCCAAGAACCCTCTGC,CTGCAGATGCGGATGCCTTCC,10408578,10408578,C,G,104
24-CL,HK1,60.1,64.3266679822863,63.3404863595753,473,F,HK1-24-CL-F,49,chr10,71139304,71139322,71139758,71139776,TGAGCCCTGGGTGGTGGCA,GCGCCATCTTGAACCGCCT,71139685,71139685,G,T,417
24-CL,HK1,60.1,64.3266679822863,63.3404863595753,473,R,HK1-24-CL-R,49,chr10,71139304,71139322,71139758,71139776,TGAGCCCTGGGTGGTGGCA,GCGCCATCTTGAACCGCCT,71139685,71139685,G,T,417
24-CL,NAF1,60.1,65.8956487931108,67.7615790998691,980,F,NAF1-24-CL-F,20,chr4,164061414,164061436,164061501,164061521,AATGATACGGCGACCACCGATCATTGATGGAGCAAAATACAT,CAAGCAGAAGACGGCATACGAGATTGGACCTGTTGCACATCCAT,164061489,164061489,C,T,107
24-CL,NAF1,60.1,65.8956487931108,67.7615790998691,980,R,NAF1-24-T-R,20,chr4,164061414,164061436,164061501,164061521,AATGATACGGCGACCACCGATCATTGATGGAGCAAAATACAT,CAAGCAGAAGACGGCATACGAGATATTTGGACCTGTTGCACATCCAT,164061489,164061489,C,T,107
24-N,HK1,60.1,64.3266679822863,63.3404863595753,473,F,HK1-24-CL-F,55,chr10,71139304,71139322,71139758,71139776,TGAGCCCTGGGTGGTGGCA,GCGCCATCTTGAACCGCCT,71139685,71139685,G,T,417
24-N,HK1,60.1,64.3266679822863,63.3404863595753,473,R,HK1-24-CL-R,55,chr10,71139304,71139322,71139758,71139776,TGAGCCCTGGGTGGTGGCA,GCGCCATCTTGAACCGCCT,71139685,71139685,G,T,417
24-N,NAF1,60.1,65.8956487931108,68.4851656066602,150,F,NAF1-24-CL-F,25,chr4,164061414,164061436,164061501,164061521,AATGATACGGCGACCACCGATCATTGATGGAGCAAAATACAT,CAAGCAGAAGACGGCATACGAGATTGGACCTGTTGCACATCCAT,164061489,164061489,C,T,107
24-N,NAF1,60.1,65.8956487931108,68.4851656066602,150,R,NAF1-24-CL-R,25,chr4,164061414,164061436,164061501,164061521,AATGATACGGCGACCACCGATCATTGATGGAGCAAAATACAT,CAAGCAGAAGACGGCATACGAGATTGGACCTGTTGCACATCCAT,164061489,164061489,C,T,107
24-T,NAF1,60.1,65.8956487931108,68.4851656066602,150,F,NAF1-24-CL-F,33,chr4,164061414,164061436,164061501,164061521,AATGATACGGCGACCACCGATCATTGATGGAGCAAAATACAT,CAAGCAGAAGACGGCATACGAGATTGGACCTGTTGCACATCCAT,164061489,164061489,C,T,107
24-T,NAF1,60.1,65.8956487931108,68.4851656066602,150,R,NAF1-24-CL-R,33,chr4,164061414,164061436,164061501,164061521,AATGATACGGCGACCACCGATCATTGATGGAGCAAAATACAT,CAAGCAGAAGACGGCATACGAGATTGGACCTGTTGCACATCCAT,164061489,164061489,C,T,107
24-T,HK1,15.5,64.3266679822863,63.3404863595753,473,F,HK1-24-CL-F,38,chr10,71139304,71139322,71139758,71139776,TGAGCCCTGGGTGGTGGCA,GCGCCATCTTGAACCGCCT,71139685,71139685,G,T,417
24-T,HK1,15.5,64.3266679822863,63.3404863595753,473,R,HK1-24-CL-R,38,chr10,71139304,71139322,71139758,71139776,TGAGCCCTGGGTGGTGGCA,GCGCCATCTTGAACCGCCT,71139685,71139685,G,T,417
28-CL,BCOR,57.9,69.3056894174156,68.8967885227506,417,F,BCOR-28-CL-F,5,chrX,39921580,39921599,39921649,39921669,AATGATACGGCGACCACCGACTTGGCTGGTGACAGATCA,CAAGCAGAAGACGGCATACGAGATGTGTGCGCTGCTTGGTTTTATGA,39921622,39921622,G,GCTTTCTGAAT,77
28-CL,BCOR,57.9,69.3056894174156,68.8967885227506,417,R,BCOR-28-CL-R,5,chrX,39921580,39921599,39921649,39921669,AATGATACGGCGACCACCGACTTGGCTGGTGACAGATCA,CAAGCAGAAGACGGCATACGAGATGTGTGCGCTGCTTGGTTTTATGA,39921622,39921622,G,GCTTTCTGAAT,77
28-N,BCOR,57.9,69.3056894174156,68.8967885227506,417,F,BCOR-28-CL-F,28,chrX,39921580,39921599,39921649,39921669,AATGATACGGCGACCACCGACTTGGCTGGTGACAGATCA,CAAGCAGAAGACGGCATACGAGATGTGTGCGCTGCTTGGTTTTATGA,39921622,39921622,G,GCTTTCTGAAT,77
28-N,BCOR,57.9,69.3056894174156,68.8967885227506,417,R,BCOR-28-CL-R,28,chrX,39921580,39921599,39921649,39921669,AATGATACGGCGACCACCGACTTGGCTGGTGACAGATCA,CAAGCAGAAGACGGCATACGAGATGTGTGCGCTGCTTGGTTTTATGA,39921622,39921622,G,GCTTTCTGAAT,77
29-CL,PAN2,53.1,67.8209325598252,65.9880222259781,640,F,PAN2-29-CL-F,18,chr12,56716927,56716947,56717004,56717027,AATGATACGGCGACCACCGACAGACGTTCTTCAACTCCTC,CAAGCAGAAGACGGCATACGAGATCTTTCGGAACAAATTTCCAATTCTTC,56716970,56716970,C,G,77
29-CL,PAN2,53.1,67.8209325598252,65.9880222259781,640,F,PAN2-29-CL-F,18,chr12,56716927,56716947,56717004,56717027,AATGATACGGCGACCACCGACAGACGTTCTTCAACTCCTC,CAAGCAGAAGACGGCATACGAGATCTTTCGGAACAAATTTCCAATTCTTC,56716970,56716970,C,G,77
29-CL,PAN2,53.1,67.8209325598252,65.9880222259781,640,R,PAN2-29-CL-R,18,chr12,56716927,56716947,56717004,56717027,AATGATACGGCGACCACCGACAGACGTTCTTCAACTCCTC,CAAGCAGAAGACGGCATACGAGATCTTTCGGAACAAATTTCCAATTCTTC,56716970,56716970,C,G,77
29-CL,PAN2,53.1,67.8209325598252,65.9880222259781,640,R,PAN2-29-CL-R,18,chr12,56716927,56716947,56717004,56717027,AATGATACGGCGACCACCGACAGACGTTCTTCAACTCCTC,CAAGCAGAAGACGGCATACGAGATCTTTCGGAACAAATTTCCAATTCTTC,56716970,56716970,C,G,77
33-CL,BCOR,38.1,69.1900309083631,68.2104826885118,606,F,BCOR-33-CL-F,42,chrX,39932299,39932319,39932391,39932411,AATGATACGGCGACCACCGATCTCGGAAAACCGATTCCGG,CAAGCAGAAGACGGCATACGAGATTTGATACCACACACGCCCATAGA,39932333,39932333,C,A,68
33-CL,BCOR,38.1,69.1900309083631,68.2104826885118,606,R,BCOR-33-CL-R,42,chrX,39932299,39932319,39932391,39932411,AATGATACGGCGACCACCGATCTCGGAAAACCGATTCCGG,CAAGCAGAAGACGGCATACGAGATTTGATACCACACACGCCCATAGA,39932333,39932333,C,A,68
33-T,BCOR,38.1,69.1900309083631,67.616585068084,606,F,BCOR-33-CL-F,42,chrX,39932299,39932319,39932391,39932411,AATGATACGGCGACCACCGATCTCGGAAAACCGATTCCGG,CAAGCAGAAGACGGCATACGAGATTTGATACCACACACGCCCATAGA,39932333,39932333,C,A,68
33-T,BCOR,38.1,69.1900309083631,67.616585068084,606,R,BCOR-33-CL-R,42,chrX,39932299,39932319,39932391,39932411,AATGATACGGCGACCACCGATCTCGGAAAACCGATTCCGG,CAAGCAGAAGACGGCATACGAGATTTGATACCACACACGCCCATAGA,39932333,39932333,C,A,68
43-CL,SAMD9,106.9,61.1051874284308,62.3740356890248,812,F,SAMD9-43-CL-F,47,chr7,92735173,92735193,92735277,92735297,AATGATACGGCGACCACCGAAATGGCTGTTTTCCGCAATT,CAAGCAGAAGACGGCATACGAGATTGAACAAGACGTGAATGGAGCAG,92735224,92735224,G,A,85
43-CL,SAMD9,106.9,61.1051874284308,62.3740356890248,812,R,SAMD9-43-CL-R,47,chr7,92735173,92735193,92735277,92735297,AATGATACGGCGACCACCGAAATGGCTGTTTTCCGCAATT,CAAGCAGAAGACGGCATACGAGATTGAACAAGACGTGAATGGAGCAG,92735224,92735224,G,A,85
43-CL,ATM,106.9,62.7381295107311,62.3171113964995,691,F,ATM-43-CL-F,50,chr11,108235451,108235471,108236119,108236141,GGCTGAGGAAGAATTGGGCCC,GGAGTGGAAGAAGGCACTGTGCT,108235819,108235819,A,G,402
43-CL,ATM,106.9,62.7381295107311,62.3171113964995,691,R,ATM-43-CL-R,50,chr11,108235451,108235471,108236119,108236141,GGCTGAGGAAGAATTGGGCCC,GGAGTGGAAGAAGGCACTGTGCT,108235819,108235819,A,G,402
43-N,SAMD9,106.9,61.1051874284308,62.3740356890248,812,F,SAMD9-43-CL-F,52,chr7,92735173,92735193,92735277,92735297,AATGATACGGCGACCACCGAAATGGCTGTTTTCCGCAATT,CAAGCAGAAGACGGCATACGAGATTGAACAAGACGTGAATGGAGCAG,92735224,92735224,G,A,85
43-N,SAMD9,106.9,61.1051874284308,62.3740356890248,812,R,SAMD9-43-CL-R,52,chr7,92735173,92735193,92735277,92735297,AATGATACGGCGACCACCGAAATGGCTGTTTTCCGCAATT,CAAGCAGAAGACGGCATACGAGATTGAACAAGACGTGAATGGAGCAG,92735224,92735224,G,A,85
43-N,ATM,106.9,62.7381295107311,62.3171113964995,691,F,ATM-43-CL-F,52,chr11,108235451,108235471,108236119,108236141,GGCTGAGGAAGAATTGGGCCC,GGAGTGGAAGAAGGCACTGTGCT,108235819,108235819,A,G,402
43-N,ATM,106.9,62.7381295107311,62.3171113964995,691,R,ATM-43-CL-R,52,chr11,108235451,108235471,108236119,108236141,GGCTGAGGAAGAATTGGGCCC,GGAGTGGAAGAAGGCACTGTGCT,108235819,108235819,A,G,402
46-CL,PYROXD2,63.8,64.2610820862837,64.3833854429603,513,F,PYROXD2-46-T-F,56,chr10,100156947,100156965,100157441,100157459,AGTGCTCCAGGCTGCCCCT,GTGCATGGGGTGGGGTGGT,100157123,100157123,G,A,212
46-CL,PYROXD2,63.8,64.2610820862837,64.3833854429603,513,R,PYROXD2-46-T-R,56,chr10,100156947,100156965,100157441,100157459,AGTGCTCCAGGCTGCCCCT,GTGCATGGGGTGGGGTGGT,100157123,100157123,G,A,212
46-N,PYROXD2,15.2,64.2610820862837,64.3833854429603,513,F,PYROXD2-46-T-F,57,chr10,100156947,100156965,100157441,100157459,AGTGCTCCAGGCTGCCCCT,GTGCATGGGGTGGGGTGGT,100157123,100157123,G,A,212
46-N,PYROXD2,15.2,64.2610820862837,64.3833854429603,513,R,PYROXD2-46-T-R,57,chr10,100156947,100156965,100157441,100157459,AGTGCTCCAGGCTGCCCCT,GTGCATGGGGTGGGGTGGT,100157123,100157123,G,A,212
46-T,PYROXD2,15.2,64.2610820862837,64.3833854429603,513,F,PYROXD2-46-T-F,57,chr10,100156947,100156965,100157441,100157459,AGTGCTCCAGGCTGCCCCT,GTGCATGGGGTGGGGTGGT,100157123,100157123,G,A,212
46-T,PYROXD2,15.2,64.2610820862837,64.3833854429603,513,R,PYROXD2-46-T-R,57,chr10,100156947,100156965,100157441,100157459,AGTGCTCCAGGCTGCCCCT,GTGCATGGGGTGGGGTGGT,100157123,100157123,G,A,212
49-CL,ATN1,58.5,63.8643200849283,64.2948598190233,431,F,ATN1-49-T-F,30,chr12,7044813,7044832,7045225,7045244,ACCGAAGCACGTCCCCCAGT,GGGGAGCACCACTAGCCCCA,7045056,7045056,C,T,278
49-CL,ATN1,58.5,63.8643200849283,64.2948598190233,431,R,ATN1-49-T-R,30,chr12,7044813,7044832,7045225,7045244,ACCGAAGCACGTCCCCCAGT,GGGGAGCACCACTAGCCCCA,7045056,7045056,C,T,278
49-CL,FAT4,58.5,62.3583146134437,61.2619756844593,685,F,FAT4-49-CL-F,55,chr4,126370708,126370730,126371369,126371392,CCGCACATGATTCTGGGTGGACT,CCCTCCACTTTCTTCCCAAGCAAC,126371267,126371267,T,A,591
49-CL,FAT4,58.5,62.3583146134437,61.2619756844593,685,R,FAT4-49-CL-R,55,chr4,126370708,126370730,126371369,126371392,CCGCACATGATTCTGGGTGGACT,CCCTCCACTTTCTTCCCAAGCAAC,126371267,126371267,T,A,591
49-N,ATN1,87.3,63.8643200849283,64.2948598190233,431,F,ATN1-49-T-F,56,chr12,7044813,7044832,7045225,7045244,ACCGAAGCACGTCCCCCAGT,GGGGAGCACCACTAGCCCCA,7045056,7045056,C,T,278
49-N,ATN1,87.3,63.8643200849283,64.2948598190233,431,R,ATN1-49-T-R,56,chr12,7044813,7044832,7045225,7045244,ACCGAAGCACGTCCCCCAGT,GGGGAGCACCACTAGCCCCA,7045056,7045056,C,T,278
49-T,ATN1,87.3,63.8643200849283,64.2948598190233,431,F,ATN1-49-T-F,15,chr12,7044813,7044832,7045225,7045244,ACCGAAGCACGTCCCCCAGT,GGGGAGCACCACTAGCCCCA,7045056,7045056,C,T,278
49-T,ATN1,87.3,63.8643200849283,64.2948598190233,431,R,ATN1-49-T-R,15,chr12,7044813,7044832,7045225,7045244,ACCGAAGCACGTCCCCCAGT,GGGGAGCACCACTAGCCCCA,7045056,7045056,C,T,278
49-T,FAT4,87.3,62.3583146134437,61.2619756844593,685,F,FAT4-49-CL-F,14,chr4,126370708,126370730,126371369,126371392,CCGCACATGATTCTGGGTGGACT,CCCTCCACTTTCTTCCCAAGCAAC,126371267,126371267,T,A,591
49-T,FAT4,87.3,62.3583146134437,61.2619756844593,685,R,FAT4-49-CL-R,14,chr4,126370708,126370730,126371369,126371392,CCGCACATGATTCTGGGTGGACT,CCCTCCACTTTCTTCCCAAGCAAC,126371267,126371267,T,A,591
