Study,Mean Coverage,Median Coverage,SD Coverage,Number of Samples,Sample Type,Sequencing Type,Mean VAF,Mean Variants/Sample,Recurrently Altered Genes
Kooi et al.,60.14063661971831,60.2548,9.204168267122075,71,Tumor,WES,0.5307451089593049,3.328358208955224,BCOR:7; CREBBP:2; NAF1:1; PAN2:1
Gröbner et al.,89.400625,85.89,17.122436504622776,32,Tumor,WES,NaN,1,BCOR:1
Zhang et al.,26.2125,26.03,2.092962414059715,4,Tumor,WGS,0.3956124847161945,8,
McEvoy et al.,38.894999999999996,32.95,10.405690497840212,10,Tumor,WGS,0.3011048669260371,5.076923076923077,BCOR:4; SAMD9:1
Stachelek et al.,167.71333333333334,176.59,31.658983310309008,12,Tumor,WES,0.2366353160422995,3.75,BCOR:14; NAF1:1; PAN2:2; SAMD9:2
Stachelek et al.,94.61925925925927,95.65,9.637157227637173,27,Cell Line,WES,0.2366353160422995,3.75,BCOR:14; NAF1:1; PAN2:2; SAMD9:2
Afshar et al.,NA,NA,NA,32,Tumor,Targeted Sequencing,0.273,1.1818181818181819,BCOR:3
