Series,Sample,Sex,Laterality,Age (mo.),Treatment
CHLA-VC-RB,CHLA-VC-RB-14,M,Unilateral,21,dx
CHLA-VC-RB,CHLA-VC-RB-20,M,Unilateral,27,dx
CHLA-VC-RB,CHLA-VC-RB-24,M,Unilateral,5,dx
CHLA-VC-RB,CHLA-VC-RB-28,F,Unilateral,44,dx
CHLA-VC-RB,CHLA-VC-RB-29,F,Unilateral,34,dx
CHLA-VC-RB,CHLA-VC-RB-31,M,Unilateral,23,dx
CHLA-VC-RB,CHLA-VC-RB-33,F,Bilateral,16,dx
CHLA-VC-RB,CHLA-VC-RB-41,M,Bilateral,2,dx
CHLA-VC-RB,CHLA-VC-RB-43,F,Unilateral,33,dx
CHLA-VC-RB,CHLA-VC-RB-46,M,Unilateral,28,dx
CHLA-VC-RB,CHLA-VC-RB-48,M,Unilateral,32,dx
CHLA-VC-RB,CHLA-VC-RB-49,M,Unilateral,18,dx
CHLA-RB,CHLA-167,M,Bilateral,2,NA
CHLA-RB,CHLA-173,M,Bilateral,3,NA
CHLA-RB,CHLA-192,F,Bilateral,22,dx
CHLA-RB,CHLA-193,F,Bilateral,50,dx
CHLA-RB,CHLA-194,F,Bilateral,3,pc
CHLA-RB,CHLA-196,M,Unilateral,17,pc
CHLA-RB,CHLA-203,M,Bilateral,20,pc
CHLA-RB,CHLA-204,F,Unilateral,58,NA
CHLA-RB,CHLA-215,M,Unilateral,27,NA
CHLA-RB,CHLA-222,M,Unilateral,7,dx
CHLA-RB,CHLA-223,F,Bilateral,11,dx
CHLA-RB,CHLA-224,M,Unilateral,17,dx
CHLA-RB,CHLA-229,F,Bilateral,2,dx
CHLA-RB,CHLA-279,F,Unilateral,28,dx
CHLA-RB,CHLA-292,F,Unilateral,3,NA
