Sample,CHLA-VC-RB series,RB1 mutation and AA Change,VAF,RB1 Copy Number,RB1 Allelic Imbal,MYCNA,RB1 Hits Detected & MYCN Status,SCNA,Minimal Allele Fraction
RB-14-CL,CHLA-VC-RB series,NA,NA,0,NA,NA,2 deletions,0.11992464,NA
RB-14-T,CHLA-VC-RB series,NA,NA,0,NA,NA,2 deletions,0.36341755,0.74
RB-20-CL,CHLA-VC-RB series,NA,NA,2,0.96,NA,RB1 Promoter Methylation  + LOH,NA,NA
RB-20-T,CHLA-VC-RB series,NA,NA,2,1,NA,RB1 Promoter methylation* LOH,NA,NA
RB-24-CL,CHLA-VC-RB series,NA,NA,1,0.97,Yes,'MYCNA + RB1 deletion',1.0673993219589,NA
RB-24-T,CHLA-VC-RB series,NA,NA,2,NA,Yes,MYCNA,NA,MYCNA
RB-28-CL,CHLA-VC-RB series,'ex21:c.2174dupT:p.V725fs',0.444,2,NA,NA,1 SNV + 1 INDEL,NA,NA
RB-28-CL,CHLA-VC-RB series,ex8:c.C769T:p.Q257X,0.51,2,NA,NA,1 SNV + 1 INDEL,NA,NA
RB-28-T,CHLA-VC-RB series,'ex21:c.2174dupT:p.V725fs,0.553,2,NA,NA,1 SNV + 1 INDEL,NA,0.47
RB-28-T,CHLA-VC-RB series,ex8:c.C769T:p.Q257X',0.47,2,NA,NA,1 SNV + 1 INDEL,NA,0.47
RB-29-CL,CHLA-VC-RB series,ex4:c.G409T:p.E137X,1,2,1,NA,1 SNV w/ CN-LOH,NA,NA
RB-29-T,CHLA-VC-RB series,ex4:c.G409T:p.E137X,1,2,1,NA,1 SNV w/ CN-LOH,NA,0.99
RB-31-CL,CHLA-VC-RB series,ex18:c.C1735T:p.R579X,1,1,1,NA,1 SNV + 1 deletion,1.00305450311131,NA
RB-31-T,CHLA-VC-RB series,ex18:c.C1735T:p.R579X,0.791,1,0.93,NA,1 SNV + 1 deletion,1.10068374139672,0.79
RB-33-CL,CHLA-VC-RB series,ex17:c.C1654T:p.R552X,0.71,1,0.57,NA,1 SNV + 1 deletion,NA,NA
RB-33-T,CHLA-VC-RB series,ex17:c.C1654T:p.R552X,0.935,1,0.9,NA,1 SNV + 1 deletion,NA,0.87
RB-41-CL,CHLA-VC-RB series,NA,NA,2,0.99,Low level,'0 w/ CN-LOH + MYCNA',NA,NA
RB-41-T,CHLA-VC-RB series,NA,NA,2,0.98,NA,0 w/ CN-LOH,NA,NA
RB-43-CL,CHLA-VC-RB series,ex14:c.C1363T:p.R455X,1,2,1,NA,1 w/ CN-LOH,NA,NA
RB-43-T,CHLA-VC-RB series,ex14:c.C1363T:p.R455X,0.79,2,0.98,NA,1 w/ CN-LOH,NA,NA
RB-46-CL,CHLA-VC-RB series,'ex10:c.C958T:p.R320X,0.56,2,NA,NA,1 SNV + 1 INDEL,NA,NA
RB-46-CL,CHLA-VC-RB series,ex17:c.1656_1680del:p.R552fs',0.25,2,NA,NA,1 SNV + 1 INDEL,NA,NA
RB-46-T,CHLA-VC-RB series,'ex10:c.C958T:p.R320X,0.585,2,NA,NA,1 SNV + 1 INDEL,NA,0.32
RB-46-T,CHLA-VC-RB series,ex17:c.1656_1680del:p.R552fs',0.32,2,NA,NA,1 SNV + 1 INDEL,NA,0.32
RB-48-CL,CHLA-VC-RB series,'ex6:c.608+1G>T,0.47,2,NA,NA,2 SNVs,NA,NA
RB-48-CL,CHLA-VC-RB series,ex13:c.1216-3A>G',0.51,2,NA,NA,2 SNVs,NA,NA
RB-48-T,CHLA-VC-RB series,'ex6:c.608+1G>T,0.51,2,NA,NA,2 SNVs,NA,0.47
RB-48-T,CHLA-VC-RB series,ex13:c.1216-3A>G',0.47,2,NA,NA,2 SNVs,NA,0.47
RB-49-CL,CHLA-VC-RB series,NA,NA,0,1,NA,2  deletions,0.06509091,NA
RB-49-T,CHLA-VC-RB series,NA,NA,0,0.92,NA,2 deletions,0.16746134,0.84
RB-167-CL,CHLA-RB series,'ex19:c.G1960A:p.V654M,0.495,2,NA,NA,2 SNVs,NA,NA
RB-167-CL,CHLA-RB series,ex18:c.C1735T:p.R579X',0.488,2,NA,NA,2 SNVs,NA,NA
RB-173-CL,CHLA-RB series,NA,NA,2,NA,Yes,MYCNA,NA,NA
RB-192-CL,CHLA-RB series,NA,NA,2,0.95,NA,0 w/ CN-LOH,NA,NA
RB-193-CL,CHLA-RB series,'ex17:c.C1654T:p.R552X,0.487,2,NA,NA,2 SNVs,NA,NA
RB-193-CL,CHLA-RB series,ex11:c.C1072T:p.R358X',0.36,2,NA,NA,2 SNVs,NA,NA
RB-194-CL,CHLA-RB series,ex10:c.C958T:p.R320X,1,2,0.95,NA,1 SNV w/ CN-LOH,NA,NA
RB-196-CL,CHLA-RB series,'ex17:c.C1654T:p.R552X,0.5,2,NA,Low level,2 SNV w/ MYCNA,NA,NA
RB-196-CL,CHLA-RB series,ex23:c.C2359T:p.R787X',0.495,2,NA,Low level,2 SNV w/ MYCNA,NA,NA
RB-203-CL,CHLA-RB series,ex11:c.1119dupT:p.T373fs,1,2,0.94,NA,1 INDEL w/ CN-LOH,NA,NA
RB-204-CL,CHLA-RB series,NA,NA,0,NA,NA,2 deletions,1.08975211221333,NA
RB-215-CL,CHLA-RB series,ex10:c.990_1038del:p.D330fs,1,2,0.95,NA,1 INDEL w/ CN-LOH,NA,NA
RB-222-CL,CHLA-RB series,ex19:c.A1831T:p.R611X,1,1,NA,NA,1 SNV + 1 deletion,1.06378013391184,NA
RB-223-CL,CHLA-RB series,NA,NA,2,NA,Yes,MYCNA,NA,NA
RB-224-CL,CHLA-RB series,NA,NA,0,NA,NA,2 deletions,1.01649280257012,NA
RB-229-CL,CHLA-RB series,NA,NA,2,0.96,NA,0 w/ LOH,NA,NA
RB-279-CL,CHLA-RB series,ex3:c.297_304del:p.W99fs,0.962,2,0.92,NA,1 INDEL w/ CN-LOH,NA,NA
RB-292-CL,CHLA-RB series,NA,NA,1,0.88,NA,1 deletion,1.01719762593522,NA
