chr,ref,sample_id,alt,alt_depth,read_depth,alt_vc,sample,start,end,REF,SYMBOL,paramRangeID,Consequence,AF.TUMOR.m2,AD.TUMOR.1.m2,AD.TUMOR.2.m2,AF.NORMAL.m2,AD.NORMAL.1.m2,AD.NORMAL.2.m2,HGVSc.m2,HGVSp.m2,AF.TUMOR.strelka,AD.TUMOR.1.strelka,AD.TUMOR.2.strelka,AF.NORMAL.strelka,AD.NORMAL.1.strelka,AD.NORMAL.2.strelka,HGVSc.strelka,HGVSp.strelka,recurrence,counts,gene,snp_id,sample_number,sample_type,af
chrX,G,28-T,+CTTTCTGAAT,31,151,GCTTTCTGAAT,28-T,39921622,39921622,G,BCOR,chrX:39921622_G/GCTTTCTGAAT,frameshift_variant,0.423,58,39,0.11,51,0,ENST00000378444.4:c.4188_4197dup,ENSP00000367705.4:p.Arg1400IlefsTer12,0.4126984126984127,74,52,0,66,0,ENST00000378444.4:c.4188_4197dup,ENSP00000367705.4:p.Arg1400IlefsTer12,33-CL;28-T;33-T,3,BCOR,BCOR_28-T_GCTTTCTGAAT,28,T,0.2052980132450331
chrX,C,33-CL,A,21,104,A,33-CL,39932333,39932333,NA,BCOR,chrX:39932333_C/A,stop_gained,0.21,64,15,0.035,84,1,ENST00000378444.4:c.2266G>T,ENSP00000367705.4:p.Glu756Ter,0.20588235294117646,81,21,0.009009009009009009,110,1,ENST00000378444.4:c.2266G>T,ENSP00000367705.4:p.Glu756Ter,33-CL;28-T;33-T,3,BCOR,BCOR_33-CL_A,33,CL,0.20192307692307693
chrX,C,33-N,A,1,112,A,33-CL,39932333,39932333,NA,BCOR,chrX:39932333_C/A,stop_gained,0.21,64,15,0.035,84,1,ENST00000378444.4:c.2266G>T,ENSP00000367705.4:p.Glu756Ter,0.20588235294117646,81,21,0.009009009009009009,110,1,ENST00000378444.4:c.2266G>T,ENSP00000367705.4:p.Glu756Ter,33-CL;28-T;33-T,3,BCOR,BCOR_33-CL_A,33,N,0.008928571428571428
chrX,C,33-T,A,47,161,A,33-CL,39932333,39932333,NA,BCOR,chrX:39932333_C/A,stop_gained,0.21,64,15,0.035,84,1,ENST00000378444.4:c.2266G>T,ENSP00000367705.4:p.Glu756Ter,0.20588235294117646,81,21,0.009009009009009009,110,1,ENST00000378444.4:c.2266G>T,ENSP00000367705.4:p.Glu756Ter,33-CL;28-T;33-T,3,BCOR,BCOR_33-CL_A,33,T,0.2919254658385093
chrX,C,33-CL,A,21,104,A,33-T,39932333,39932333,NA,BCOR,chrX:39932333_C/A,stop_gained,0.315,99,42,0.035,84,1,ENST00000378444.4:c.2266G>T,ENSP00000367705.4:p.Glu756Ter,0.2848101265822785,113,45,0.009009009009009009,110,1,ENST00000378444.4:c.2266G>T,ENSP00000367705.4:p.Glu756Ter,33-CL;28-T;33-T,3,BCOR,BCOR_33-T_A,33,CL,0.20192307692307693
chrX,C,33-N,A,1,112,A,33-T,39932333,39932333,NA,BCOR,chrX:39932333_C/A,stop_gained,0.315,99,42,0.035,84,1,ENST00000378444.4:c.2266G>T,ENSP00000367705.4:p.Glu756Ter,0.2848101265822785,113,45,0.009009009009009009,110,1,ENST00000378444.4:c.2266G>T,ENSP00000367705.4:p.Glu756Ter,33-CL;28-T;33-T,3,BCOR,BCOR_33-T_A,33,N,0.008928571428571428
chrX,C,33-T,A,47,161,A,33-T,39932333,39932333,NA,BCOR,chrX:39932333_C/A,stop_gained,0.315,99,42,0.035,84,1,ENST00000378444.4:c.2266G>T,ENSP00000367705.4:p.Glu756Ter,0.2848101265822785,113,45,0.009009009009009009,110,1,ENST00000378444.4:c.2266G>T,ENSP00000367705.4:p.Glu756Ter,33-CL;28-T;33-T,3,BCOR,BCOR_33-T_A,33,T,0.2919254658385093
chr12,C,29-CL,G,35,69,G,29-CL,56716970,56716970,NA,PAN2,chr12:56716970_C/G,missense_variant,0.474,28,25,0.024,64,0,ENST00000425394.2:c.2381G>C,ENSP00000401721.2:p.Gly794Ala,0.5072463768115942,34,35,0,87,0,ENST00000425394.2:c.2381G>C,ENSP00000401721.2:p.Gly794Ala,29-CL;29-T,2,PAN2,PAN2_29-CL_G,29,CL,0.5072463768115942
chr12,C,29-T,G,51,169,G,29-CL,56716970,56716970,NA,PAN2,chr12:56716970_C/G,missense_variant,0.474,28,25,0.024,64,0,ENST00000425394.2:c.2381G>C,ENSP00000401721.2:p.Gly794Ala,0.5072463768115942,34,35,0,87,0,ENST00000425394.2:c.2381G>C,ENSP00000401721.2:p.Gly794Ala,29-CL;29-T,2,PAN2,PAN2_29-CL_G,29,T,0.30177514792899407
chr12,C,29-CL,G,35,69,G,29-T,56716970,56716970,NA,PAN2,chr12:56716970_C/G,missense_variant,0.292,96,37,0.024,64,0,ENST00000425394.2:c.2381G>C,ENSP00000401721.2:p.Gly794Ala,0.30538922155688625,116,51,0,87,0,ENST00000425394.2:c.2381G>C,ENSP00000401721.2:p.Gly794Ala,29-CL;29-T,2,PAN2,PAN2_29-T_G,29,CL,0.5072463768115942
chr12,C,29-T,G,51,169,G,29-T,56716970,56716970,NA,PAN2,chr12:56716970_C/G,missense_variant,0.292,96,37,0.024,64,0,ENST00000425394.2:c.2381G>C,ENSP00000401721.2:p.Gly794Ala,0.30538922155688625,116,51,0,87,0,ENST00000425394.2:c.2381G>C,ENSP00000401721.2:p.Gly794Ala,29-CL;29-T,2,PAN2,PAN2_29-T_G,29,T,0.30177514792899407
chr4,C,24-T,T,19,138,T,24-T,164061489,164061489,NA,NAF1,chr4:164061489_C/T,missense_variant,0.154,83,13,0.045,43,0,ENST00000274054.2:c.764G>A,ENSP00000274054.2:p.Arg255Gln,0.13768115942028986,119,19,0,63,0,ENST00000274054.2:c.764G>A,ENSP00000274054.2:p.Arg255Gln,24-T,1,NAF1,NAF1_24-T_T,24,T,0.13768115942028986
chr7,G,43-CL,A,24,301,A,43-CL,92735224,92735224,NA,SAMD9,chr7:92735224_G/A,missense_variant,0.095,224,18,0.031,230,0,ENST00000379958.2:c.187C>T,ENSP00000369292.2:p.Pro63Ser,0.0802675585284281,275,24,0,298,0,ENST00000379958.2:c.187C>T,ENSP00000369292.2:p.Pro63Ser,43-CL,1,SAMD9,SAMD9_43-CL_A,43,CL,0.07973421926910298
chr7,G,43-T,A,4,239,A,43-CL,92735224,92735224,NA,SAMD9,chr7:92735224_G/A,missense_variant,0.095,224,18,0.031,230,0,ENST00000379958.2:c.187C>T,ENSP00000369292.2:p.Pro63Ser,0.0802675585284281,275,24,0,298,0,ENST00000379958.2:c.187C>T,ENSP00000369292.2:p.Pro63Ser,43-CL,1,SAMD9,SAMD9_43-CL_A,43,T,0.016736401673640166
