id,symbol,chromosome,seg_mean,copy_number,author
SJRB009,MYCN,2,0.862,3.64,McEvoy et al.
SJRB012,MYCN,2,0.43,2.69,McEvoy et al.
SJRB017,MYCN,2,0.52,2.86,McEvoy et al.
SJRB024,MYCN,2,0.3463,2.54,McEvoy et al.
SJRB031,MYCN,2,0.85,3.61,McEvoy et al.
SJRB032,MYCN,2,0.84,3.57,McEvoy et al.
SJRB036,RB1,13,-0.21,1.73,McEvoy et al.
SJRB037,RB1,13,-0.92,1.06,McEvoy et al.
SJRB046,RB1,13,-0.49,1.42,McEvoy et al.
UPEN-RB-11,BCOR,X,-0.0889695805,1.880388053,McEvoy et al.
UPEN-RB-14,RB1,13,-0.2408494225,1.6924938336,McEvoy et al.
UPEN-RB-25,BCOR,X,-0.2520157798,1.6794446164,McEvoy et al.
UPEN-RB-33,BCOR,X,-0.3566812318,1.561918058,McEvoy et al.
UPEN-RB-47,BCOR,X,-0.1231367854,1.8363782049,McEvoy et al.
T2,MYCN,2,0.4253,2.685703423825421,Kooi et al.
T11,MYCN,2,5.0538,66.4317032868133,Kooi et al.
T7,MYCN,2,2.9919,15.910419834284532,Kooi et al.
T14,MYCN,2,6.3104,158.72658784663895,Kooi et al.
T16,MYCN,2,0.5501,2.928374364300106,Kooi et al.
T17,MYCN,2,0.482,2.793357064934795,Kooi et al.
T18,MYCN,2,0.5717,2.9725477806559732,Kooi et al.
T20,MYCN,2,1.0854,4.243927468911153,Kooi et al.
T21,MYCN,2,4.4321,43.174273607759105,Kooi et al.
T22,MYCN,2,0.5889,3.0081989830863476,Kooi et al.
T22,RB1,13,-4.6867,0.07765916470194008,Kooi et al.
T22,BCOR,X,-3.6747,0.15661561874452992,Kooi et al.
T23,RB1,13,-1.1331,0.9118699573201696,Kooi et al.
T24,MYCN,2,4.1646,35.86736857201812,Kooi et al.
T28,MYCN,2,0.7696,3.409594095793992,Kooi et al.
T30,MYCN,2,0.3863,2.6140740326866347,Kooi et al.
T32,MYCN,2,0.3442,2.5388937130481426,Kooi et al.
T36,MYCN,2,0.396,2.6317090500580163,Kooi et al.
T37,RB1,13,-1.0144,0.9900683286467772,Kooi et al.
T38,MYCN,2,0.7408,3.3422044756486557,Kooi et al.
T41,MYCN,2,0.3312,2.516118727616017,Kooi et al.
T44,RB1,13,-4.8835,0.06775635142102718,Kooi et al.
T44,RB1,13,-1.1877,0.8780043545008948,Kooi et al.
T49,RB1,13,-4.8361,0.07001947233894318,Kooi et al.
T51,MYCN,2,0.5141,2.8562059296176443,Kooi et al.
T51,RB1,13,-4.9079,0.06662003859340311,Kooi et al.
T52,MYCN,2,0.6187,3.070981880274223,Kooi et al.
T55,MYCN,2,0.8274,3.5489690673733527,Kooi et al.
T55,RB1,13,-1.0509,0.9653339344023155,Kooi et al.
T57,MYCN,2,0.5721,2.9733720601653935,Kooi et al.
T58,RB1,13,-4.9716,0.0637425259184391,Kooi et al.
T60,MYCN,2,0.5166,2.861159648166135,Kooi et al.
T64,MYCN,2,0.81,3.5064228852641404,Kooi et al.
T65,MYCN,2,0.4793,2.788134193305114,Kooi et al.
T66,RB1,13,-4.6394,0.08024748564977224,Kooi et al.
T67,MYCN,2,0.5585,2.945474371089402,Kooi et al.
T67,BCOR,X,-3.0456,0.24222169611171793,Kooi et al.
T68,MYCN,2,0.9973,3.99252101108699,Kooi et al.
T71,MYCN,2,0.5231,2.874079562198509,Kooi et al.
T72,MYCN,2,4.6768,51.15488107866687,Kooi et al.
14.CL,MYCN,2,0.5797,2.989076871578599,Stachelek et al.
14.CL,RB1,13,-4.5974,0.08261800307123499,Stachelek et al.
14.CL,BCOR,X,-4.0411,0.12148920221601459,Stachelek et al.
14.T,MYCN,2,0.3895,2.6198786696008516,Stachelek et al.
14.T,RB1,13,-2.7337,0.300679830337176,Stachelek et al.
14.T,BCOR,X,-1.9091,0.5325171891386067,Stachelek et al.
20.CL,MYCN,2,1.1263,4.365963290376018,Stachelek et al.
24.CL,MYCN,2,5.2192,74.50162560422613,Stachelek et al.
24.CL,RB1,13,-0.9059,1.0673993219588978,Stachelek et al.
24.T,MYCN,2,4.6904,51.63938808407808,Stachelek et al.
28.T,MYCN,2,0.631,3.097276111412882,Stachelek et al.
31.CL,RB1,13,-0.9956,1.0030545031113076,Stachelek et al.
31.CL,BCOR,X,-3.504,0.1762872450605487,Stachelek et al.
31.T,RB1,13,-0.8616,1.100683741396716,Stachelek et al.
31.T,BCOR,X,-2.6868,0.3106151278615516,Stachelek et al.
41.CL,MYCN,2,0.9645,3.9027742102202767,Stachelek et al.
43.CL,MYCN,2,0.7634,3.39497276266506,Stachelek et al.
46.CL,MYCN,2,0.8138,3.515670834397966,Stachelek et al.
46.T,MYCN,2,0.5596,2.947721039461382,Stachelek et al.
48.CL,MYCN,2,0.9622,3.8965572142618323,Stachelek et al.
48.T,MYCN,2,0.6865,3.2187488238188764,Stachelek et al.
49.CL,MYCN,2,0.613,3.0588725557655354,Stachelek et al.
49.CL,RB1,13,-1.0009,0.9993763620805106,Stachelek et al.
49.CL,RB1,13,-4.8915,0.06738167022635048,Stachelek et al.
49.T,RB1,13,-0.8774,1.0886951231048627,Stachelek et al.
49.T,RB1,13,-3.5857,0.1665814891820643,Stachelek et al.
33.CL,MYCN,2,0.7526,3.369652922314817,Stachelek et al.
33.T,MYCN,2,0.8975,3.725670274518813,Stachelek et al.
43.CL,MYCN,2,0.7659,3.4008609023722296,Stachelek et al.
43.T,MYCN,2,0.3988,2.636821662545977,Stachelek et al.
167.CL,MYCN,2,0.9796,3.9438372025181434,Stachelek et al.
167.CL,BCOR,X,-0.9835,1.011502580191683,Stachelek et al.
173.CL,MYCN,2,4.7821,55.0282292535589,Stachelek et al.
173.CL,BCOR,X,-0.9366,1.0449254375533112,Stachelek et al.
193.CL,MYCN,2,0.8361,3.57043536103536,Stachelek et al.
194.CL,MYCN,2,0.5778,2.985142909229942,Stachelek et al.
196.CL,MYCN,2,1.5965,6.048175487967355,Stachelek et al.
196.CL,BCOR,X,-0.9719,1.0196683585735187,Stachelek et al.
203.CL,MYCN,2,0.5497,2.9275625590717116,Stachelek et al.
203.CL,BCOR,X,-0.9803,1.013748654764319,Stachelek et al.
204.CL,RB1,13,-0.876,1.0897521122133282,Stachelek et al.
215.CL,BCOR,X,-1.0778,0.947501413081701,Stachelek et al.
222.CL,MYCN,2,0.5834,2.996752629929611,Stachelek et al.
222.CL,RB1,13,-0.9108,1.063780133911841,Stachelek et al.
222.CL,BCOR,X,-0.964,1.0252672378885939,Stachelek et al.
223.CL,MYCN,2,4.2214,37.30766078642714,Stachelek et al.
224.CL,MYCN,2,0.5321,2.8920650448173295,Stachelek et al.
224.CL,RB1,13,-0.9764,1.0164928025701183,Stachelek et al.
224.CL,RB1,13,-4.9182,0.06614610424693178,Stachelek et al.
224.CL,BCOR,X,-0.9876,1.0086320683199035,Stachelek et al.
229.CL,MYCN,2,0.5472,2.922493872687841,Stachelek et al.
292.CL,RB1,13,-0.9754,1.0171976259352238,Stachelek et al.
